player_id,overall_rank,tier,pos_rank,pos_tier,player_name,position,team,proj_p10,proj_p50,proj_p90,vor,replacement_baseline,projected_season,proj_ppg_p50,proj_games_p50,inj_weeks_out,inj_weeks_on_report,inj_primary,adp,adp_rank,value_vs_adp
00-0039040,1,1,1,1,De'Von Achane,RB,MIA,145.7,243.0,338.6,150.2,92.8,2026,16.65,14.3,0.0,4.0,Shoulder,8.0,8.0,7.0
00-0038542,2,1,2,1,Bijan Robinson,RB,ATL,136.7,231.2,338.0,138.4,92.8,2026,17.56,14.1,0.0,1.0,Illness,1.0,1.0,-1.0
00-0038597,3,1,2,1,Chase Brown,RB,CIN,100.6,231.2,342.7,138.4,92.8,2026,15.56,14.7,0.0,2.0,Calf,15.0,15.0,12.0
00-0040715,4,1,4,1,Cam Skattebo,RB,NYG,88.8,218.8,294.1,126.0,92.8,2026,13.0,13.6,0.0,2.0,Ankle,38.0,38.0,34.0
00-0040122,5,1,5,1,Ashton Jeanty,RB,LV,109.4,200.2,354.0,107.4,92.8,2026,13.33,14.9,0.0,0.0,,12.0,12.0,7.0
00-0036973,6,1,6,1,Travis Etienne,RB,JAX,80.4,194.9,274.8,102.1,92.8,2026,13.27,14.5,0.0,1.0,Shoulder,34.0,34.0,28.0
00-0039075,7,1,1,1,Puka Nacua,WR,LA,76.2,235.4,355.3,98.9,136.5,2026,17.54,15.7,1.0,5.0,Ankle,4.0,4.0,-3.0
00-0040734,8,1,7,1,TreVeyon Henderson,RB,NE,74.1,190.4,277.3,97.6,92.8,2026,12.39,14.7,0.0,2.0,Concussion,39.0,39.0,31.0
00-0038543,9,1,2,1,Jaxon Smith-Njigba,WR,SEA,78.8,234.0,365.9,97.5,136.5,2026,17.64,15.9,0.0,7.0,Illness,6.0,6.0,-3.0
00-0036900,10,1,3,1,Ja'Marr Chase,WR,CIN,75.1,233.9,316.0,97.4,136.5,2026,17.19,14.8,0.0,1.0,Illness,3.0,3.0,-7.0
00-0034857,11,1,1,1,Josh Allen,QB,BUF,210.4,480.4,582.5,95.8,343.5,2026,29.45,15.0,0.0,3.0,Foot,4.0,4.0,-7.0
00-0039139,12,1,8,1,Jahmyr Gibbs,RB,DET,100.7,186.9,353.7,94.1,92.8,2026,17.33,14.2,0.0,0.0,,2.0,2.0,-10.0
00-0036963,13,1,4,1,Amon-Ra St. Brown,WR,DET,73.8,227.9,323.3,91.4,136.5,2026,16.23,16.1,0.0,4.0,Knee,7.0,7.0,-6.0
00-0037247,14,1,5,1,George Pickens,WR,DAL,76.1,226.8,329.0,90.3,136.5,2026,16.59,15.4,0.0,2.0,Calf,23.0,23.0,9.0
00-0026498,15,1,2,1,Matthew Stafford,QB,LA,220.8,469.7,533.5,88.3,343.5,2026,29.47,15.2,0.0,0.0,,68.0,68.0,53.0
00-0039851,16,1,2,1,Drake Maye,QB,NE,230.0,469.7,598.2,88.3,343.5,2026,29.41,15.3,0.0,0.0,,7.0,7.0,-9.0
00-0037239,17,1,6,1,Chris Olave,WR,NO,69.0,224.7,302.2,88.2,136.5,2026,14.63,15.5,1.0,8.0,Illness,31.0,31.0,14.0
00-0033280,18,1,9,1,Christian McCaffrey,RB,SF,69.9,180.8,332.1,88.0,92.8,2026,15.0,13.1,0.0,16.0,Calf,5.0,5.0,-13.0
00-0037238,19,1,7,1,Drake London,WR,ATL,69.0,224.4,324.4,87.9,136.5,2026,15.3,15.6,4.0,11.0,Knee,18.0,18.0,-1.0
00-0037840,20,1,10,1,Kyren Williams,RB,LA,91.7,178.8,280.4,86.0,92.8,2026,13.52,14.4,0.0,2.0,Ankle,13.0,13.0,-7.0
00-0033077,21,1,4,1,Dak Prescott,QB,DAL,190.7,463.9,572.2,84.3,343.5,2026,29.52,15.9,0.0,1.0,Hip,40.0,40.0,19.0
00-0037248,22,1,11,1,James Cook,RB,BUF,116.9,176.8,281.7,84.0,92.8,2026,15.04,13.4,0.0,3.0,Ankle,5.0,5.0,-17.0
00-0036223,23,1,12,1,Jonathan Taylor,RB,IND,125.9,176.7,265.6,83.9,92.8,2026,14.02,13.1,0.0,0.0,,4.0,4.0,-19.0
00-0036971,24,1,5,1,Trevor Lawrence,QB,JAX,203.5,462.2,589.1,83.1,343.5,2026,28.83,15.5,0.0,1.0,Ankle,39.0,39.0,15.0
00-0036389,25,1,6,1,Jalen Hurts,QB,PHI,191.7,461.3,581.7,82.5,343.5,2026,28.78,15.7,0.0,0.0,,28.0,28.0,3.0
00-0033873,26,1,7,1,Patrick Mahomes,QB,KC,187.4,459.7,587.3,81.3,343.5,2026,29.4,15.3,0.0,7.0,Groin,38.0,38.0,12.0
00-0036275,27,1,13,1,D'Andre Swift,RB,CHI,71.6,172.7,255.7,79.9,92.8,2026,12.45,14.0,1.0,9.0,Groin,47.0,47.0,20.0
00-0036358,28,1,8,1,CeeDee Lamb,WR,DAL,59.5,214.7,295.7,78.2,136.5,2026,13.75,15.3,3.0,6.0,Ankle,11.0,11.0,-17.0
00-0036554,29,1,9,1,Nico Collins,WR,HOU,60.9,213.6,302.9,77.1,136.5,2026,14.18,15.2,1.0,6.0,Concussion,22.0,22.0,-7.0
00-0033106,30,1,8,1,Jared Goff,QB,DET,192.0,446.6,566.3,72.2,343.5,2026,29.25,16.0,0.0,0.0,,64.0,64.0,34.0
00-0039918,31,1,9,1,Caleb Williams,QB,CHI,206.9,445.9,597.3,71.7,343.5,2026,28.76,15.5,0.0,0.0,,20.0,20.0,-11.0
00-0036997,32,1,14,1,Javonte Williams,RB,DAL,65.1,162.2,257.5,69.4,92.8,2026,12.35,14.2,1.0,3.0,Shoulder,32.0,32.0,0.0
00-0037744,33,1,1,1,Trey McBride,TE,ARI,88.5,199.1,280.3,68.5,118.5,2026,14.44,14.7,0.0,0.0,,22.0,22.0,-11.0
00-0031381,34,1,10,1,Davante Adams,WR,LA,78.3,204.4,204.4,67.9,136.5,2026,13.55,14.5,0.0,9.0,Hamstring,46.0,46.0,12.0
00-0039732,35,1,10,1,Bo Nix,QB,DEN,181.8,438.7,586.2,66.6,343.5,2026,28.64,15.6,0.0,0.0,,43.0,43.0,8.0
00-0036410,36,1,11,1,Tee Higgins,WR,CIN,66.9,202.2,249.4,65.7,136.5,2026,13.55,14.8,2.0,4.0,Concussion,36.0,36.0,0.0
00-0037240,37,1,12,1,Jameson Williams,WR,DET,62.2,201.2,280.8,64.7,136.5,2026,14.15,14.7,0.0,0.0,,53.0,53.0,16.0
00-0035700,38,1,15,1,Josh Jacobs,RB,GB,87.2,156.5,257.3,63.7,92.8,2026,12.07,13.6,0.0,13.0,Knee,20.0,20.0,-18.0
00-0035676,39,1,13,1,A.J. Brown,WR,PHI,68.2,199.9,274.7,63.4,136.5,2026,14.2,14.8,1.0,3.0,Hamstring,18.0,18.0,-21.0
00-0034844,40,1,16,1,Saquon Barkley,RB,PHI,85.5,155.2,275.6,62.4,92.8,2026,12.58,13.7,0.0,4.0,Groin,11.0,11.0,-29.0
00-0040730,41,1,17,1,RJ Harvey,RB,DEN,59.8,154.0,259.4,61.2,92.8,2026,11.3,14.5,0.0,1.0,Ribs,56.0,56.0,15.0
00-0038120,42,1,18,1,Breece Hall,RB,NYJ,58.0,153.3,238.4,60.5,92.8,2026,11.19,14.4,1.0,4.0,Knee,27.0,27.0,-15.0
00-0038117,43,1,14,1,Wan'Dale Robinson,WR,NYG,56.9,196.0,274.6,59.5,136.5,2026,13.01,15.6,1.0,4.0,Rib,105.0,105.0,62.0
00-0039915,44,1,15,1,Ladd McConkey,WR,LAC,59.4,195.3,268.4,58.8,136.5,2026,13.28,15.3,0.0,4.0,Ankle,36.0,36.0,-8.0
00-0040124,45,1,16,1,Tetairoa McMillan,WR,CAR,67.7,195.0,275.5,58.5,136.5,2026,13.82,15.3,0.0,6.0,Calf,37.0,37.0,-8.0
00-0034348,46,1,17,1,Courtland Sutton,WR,DEN,67.9,192.8,238.5,56.3,136.5,2026,12.94,15.2,0.0,0.0,,72.0,72.0,26.0
00-0037228,47,1,19,1,Jaylen Warren,RB,PIT,52.9,148.0,231.2,55.2,92.8,2026,10.81,14.0,0.0,4.0,Not injury related - resting player,52.0,52.0,5.0
00-0039064,48,1,18,1,Zay Flowers,WR,BAL,51.6,190.0,254.4,53.5,136.5,2026,13.37,15.4,0.0,3.0,Shoulder,42.0,42.0,-6.0
00-0036139,49,1,20,2,Rico Dowdle,RB,CAR,62.0,145.6,248.4,52.8,92.8,2026,11.13,14.2,0.0,5.0,Quadricep,65.0,65.0,16.0
00-0035710,50,1,11,2,Daniel Jones,QB,IND,120.7,416.1,488.1,50.8,343.5,2026,27.98,15.1,0.0,3.0,Fibula,131.0,131.0,81.0
00-0039361,51,1,21,2,Bucky Irving,RB,TB,47.0,137.8,256.6,45.0,92.8,2026,10.58,14.1,7.0,10.0,Foot,32.0,32.0,-19.0
00-0036919,52,1,22,2,Kenny Gainwell,RB,PIT,49.6,135.7,254.9,42.9,92.8,2026,11.04,14.3,0.0,0.0,,86.0,86.0,34.0
00-0038134,53,1,23,2,Kenneth Walker III,RB,SEA,35.6,134.7,234.6,41.9,92.8,2026,9.65,14.4,0.0,3.0,Glute,18.0,18.0,-35.0
00-0032764,54,1,24,2,Derrick Henry,RB,BAL,83.5,133.2,274.3,40.4,92.8,2026,10.65,11.9,0.0,0.0,,7.0,7.0,-47.0
00-0040784,55,1,25,2,Quinshon Judkins,RB,CLE,45.8,132.6,261.5,39.8,92.8,2026,10.51,13.4,0.0,1.0,Not injury related - personal matter,45.0,45.0,-10.0
00-0036613,56,1,19,1,Jaylen Waddle,WR,MIA,54.3,175.9,249.2,39.4,136.5,2026,12.13,14.9,0.0,8.0,Ribs,42.0,42.0,-14.0
00-0038559,57,1,20,1,Michael Wilson,WR,ARI,55.5,175.6,281.9,39.1,136.5,2026,11.86,15.6,0.0,1.0,Foot,75.0,75.0,18.0
00-0036355,58,1,12,2,Justin Herbert,QB,LAC,175.0,396.7,532.4,37.2,343.5,2026,27.68,14.4,0.0,5.0,Hand,31.0,31.0,-27.0
00-0039165,59,1,26,2,Zach Charbonnet,RB,SEA,38.1,127.9,220.9,35.1,92.8,2026,9.78,13.6,0.0,2.0,Foot,101.0,101.0,42.0
00-0036970,60,1,2,1,Kyle Pitts,TE,ATL,75.6,159.3,225.8,34.7,118.5,2026,11.45,14.5,0.0,7.0,Knee,68.0,68.0,8.0
00-0037834,61,1,13,2,Brock Purdy,QB,SF,123.1,391.9,528.9,33.9,343.5,2026,27.83,14.1,5.0,12.0,Toe,54.0,54.0,-7.0
00-0039868,62,1,21,1,Troy Franklin,WR,DEN,57.3,170.4,242.1,33.9,136.5,2026,11.97,15.4,0.0,0.0,,171.0,171.0,109.0
00-0040666,63,1,27,2,Omarion Hampton,RB,LAC,45.8,125.5,272.3,32.7,92.8,2026,11.78,13.9,2.0,3.0,Ankle,12.0,12.0,-51.0
00-0033288,64,1,3,1,George Kittle,TE,SF,67.9,153.8,216.0,30.0,118.5,2026,11.09,14.9,0.0,4.0,Ankle,83.0,83.0,19.0
00-0031588,65,1,22,1,Stefon Diggs,WR,NE,50.0,166.0,217.4,29.5,136.5,2026,11.51,14.4,0.0,5.0,Chest,109.0,109.0,44.0
00-0039338,66,1,4,1,Brock Bowers,TE,LV,70.9,149.3,200.0,26.2,118.5,2026,11.11,13.0,1.0,8.0,Knee,22.0,22.0,-44.0
00-0035640,67,1,23,1,DK Metcalf,WR,PIT,60.6,161.4,237.1,24.9,136.5,2026,11.97,14.4,0.0,11.0,Not injury related - resting player,73.0,73.0,6.0
00-0040242,68,1,28,2,Jacory Croskey-Merritt,RB,WAS,27.9,116.2,208.1,23.4,92.8,2026,7.92,13.5,0.0,3.0,Knee,95.0,95.0,27.0
00-0035261,69,1,29,2,Tony Pollard,RB,TEN,38.6,114.8,227.8,22.0,92.8,2026,9.07,13.9,0.0,7.0,Not injury related - resting player,63.0,63.0,-6.0
00-0040129,70,1,24,1,Emeka Egbuka,WR,TB,54.4,157.5,248.7,21.0,136.5,2026,11.8,14.8,0.0,4.0,Hamstring,39.0,39.0,-31.0
00-0030506,71,1,5,1,Travis Kelce,TE,KC,61.9,143.2,194.1,21.0,118.5,2026,10.62,12.8,0.0,0.0,,90.0,90.0,19.0
00-0040236,72,1,30,2,Kyle Monangai,RB,CHI,33.1,113.1,216.4,20.3,92.8,2026,8.42,14.4,0.0,5.0,Ankle,61.0,61.0,-11.0
00-0036040,73,1,6,1,Juwan Johnson,TE,NO,59.4,142.3,210.9,20.2,118.5,2026,10.96,14.4,0.0,4.0,Ankle,103.0,103.0,30.0
00-0039067,74,1,25,1,Rashee Rice,WR,KC,41.7,156.6,264.0,20.1,136.5,2026,12.18,13.1,1.0,6.0,Concussion,29.0,29.0,-45.0
00-0036912,75,1,26,1,DeVonta Smith,WR,PHI,48.0,156.1,234.0,19.6,136.5,2026,11.91,15.2,0.0,2.0,Illness,31.0,31.0,-44.0
00-0036264,76,1,14,2,Jordan Love,QB,GB,158.6,370.3,508.6,18.8,343.5,2026,27.17,14.5,1.0,12.0,Shoulder,63.0,63.0,-13.0
00-0037740,77,1,27,1,Garrett Wilson,WR,NYJ,37.2,153.0,239.7,16.5,136.5,2026,10.43,13.0,2.0,4.0,Knee,38.0,38.0,-39.0
00-0039384,78,1,31,2,Tyrone Tracy Jr.,RB,NYG,29.9,109.0,218.4,16.2,92.8,2026,8.9,14.0,1.0,5.0,Shoulder,110.0,110.0,32.0
00-0039337,79,1,28,1,Malik Nabers,WR,NYG,28.8,148.7,261.0,12.2,136.5,2026,11.48,13.3,0.0,3.0,Back,26.0,26.0,-53.0
DST_SEA,80,1,1,1,SEA D/ST,DST,SEA,53.6,95.3,136.9,12.1,71.0,2026,,,,,,,,
00-0037692,81,1,1,1,Brandon Aubrey,K,DAL,136.6,144.5,153.3,11.6,121.2,2026,7.93,15.7,0.0,0.0,,91.0,91.0,10.0
00-0040663,82,1,7,1,Harold Fannin Jr.,TE,CLE,64.9,132.1,196.0,11.6,118.5,2026,11.29,13.0,1.0,4.0,Groin,63.0,63.0,-19.0
00-0040126,83,1,8,1,Colston Loveland,TE,CHI,44.5,131.8,185.4,11.3,118.5,2026,9.33,13.4,0.0,2.0,Hip,36.0,36.0,-47.0
00-0034351,84,1,9,1,Dallas Goedert,TE,PHI,61.4,131.4,165.0,11.0,118.5,2026,8.69,14.8,2.0,5.0,Knee,94.0,94.0,10.0
00-0034383,85,1,10,1,Dalton Schultz,TE,HOU,55.8,131.2,198.3,10.8,118.5,2026,9.23,13.9,0.0,7.0,Knee,98.0,98.0,13.0
00-0038996,86,1,11,1,Tucker Kraft,TE,GB,42.6,130.3,175.8,10.0,118.5,2026,8.98,10.8,0.0,3.0,Knee,63.0,63.0,-23.0
00-0039172,87,2,2,1,Jake Bates,K,DET,87.5,140.5,156.7,9.6,121.2,2026,7.89,16.1,0.0,0.0,,141.0,141.0,54.0
00-0036854,88,2,3,1,Evan McPherson,K,CIN,91.4,139.6,153.6,9.2,121.2,2026,7.86,15.8,0.0,0.0,,152.0,152.0,64.0
DST_DEN,89,2,2,1,DEN D/ST,DST,DEN,47.9,89.5,131.1,9.2,71.0,2026,,,,,,,,
00-0038606,90,2,29,1,Parker Washington,WR,JAX,52.8,145.3,231.3,8.8,136.5,2026,10.69,14.7,0.0,3.0,Hip,71.0,71.0,-19.0
00-0033090,91,2,12,1,Hunter Henry,TE,NE,63.2,128.6,178.5,8.6,118.5,2026,9.0,15.0,0.0,3.0,Knee,92.0,92.0,1.0
DST_HOU,92,2,3,1,HOU D/ST,DST,HOU,46.4,88.0,129.6,8.5,71.0,2026,,,,,,,,
00-0031492,93,2,4,1,Jason Myers,K,SEA,108.6,138.0,151.8,8.4,121.2,2026,8.1,15.4,0.0,0.0,,125.0,125.0,32.0
00-0040583,94,2,32,2,Woody Marks,RB,HOU,27.0,101.2,207.2,8.4,92.8,2026,8.02,13.7,0.0,5.0,Ankle,105.0,105.0,11.0
00-0036252,95,2,30,1,Michael Pittman,WR,IND,54.7,144.8,219.5,8.3,136.5,2026,11.18,14.7,0.0,3.0,Glute,103.0,103.0,8.0
DST_CLE,96,2,4,1,CLE D/ST,DST,CLE,45.8,87.5,129.1,8.2,71.0,2026,,,,,,,,
00-0034855,97,2,15,2,Baker Mayfield,QB,TB,176.5,354.6,514.6,7.8,343.5,2026,27.89,13.3,0.0,10.0,Biceps,72.0,72.0,-25.0
00-0030061,98,2,13,1,Zach Ertz,TE,WAS,53.0,127.2,168.2,7.4,118.5,2026,9.41,14.0,0.0,12.0,Shoulder,275.0,275.0,177.0
00-0036259,99,2,31,2,Jauan Jennings,WR,SF,58.9,143.2,211.2,6.7,136.5,2026,10.71,14.2,1.0,10.0,Ankle,123.0,123.0,24.0
00-0033119,100,2,16,2,Jacoby Brissett,QB,ARI,112.0,353.0,511.8,6.6,343.5,2026,27.85,12.9,0.0,0.0,,179.0,179.0,79.0
DST_JAX,101,2,5,2,JAX D/ST,DST,JAX,42.7,84.3,125.9,6.6,71.0,2026,,,,,,,,
00-0039893,102,2,32,2,Brian Thomas Jr.,WR,JAX,41.5,142.9,233.6,6.4,136.5,2026,10.67,14.4,2.0,7.0,Ankle,75.0,75.0,-27.0
DST_PHI,103,2,6,2,PHI D/ST,DST,PHI,40.3,82.0,123.6,5.5,71.0,2026,,,,,,,,
DST_LAC,104,2,6,2,LAC D/ST,DST,LAC,40.3,82.0,123.6,5.5,71.0,2026,,,,,,,,
00-0034173,105,2,5,1,Eddy Pineiro,K,SF,67.7,131.7,150.5,5.2,121.2,2026,7.9,14.9,2.0,3.0,Hamstring,176.0,176.0,71.0
00-0038041,106,2,14,1,Jake Ferguson,TE,DAL,62.7,124.6,179.8,5.2,118.5,2026,9.04,15.8,0.0,3.0,Calf,97.0,97.0,-9.0
DST_NE,107,2,8,2,NE D/ST,DST,NE,39.8,81.4,123.0,5.2,71.0,2026,,,,,,,,
00-0039409,108,2,6,2,Cam Little,K,JAX,96.6,131.2,155.8,5.0,121.2,2026,7.94,16.1,0.0,0.0,,134.0,134.0,26.0
DST_MIN,109,2,9,3,MIN D/ST,DST,MIN,39.2,80.8,122.4,4.9,71.0,2026,,,,,,,,
00-0037664,110,2,33,2,Alec Pierce,WR,IND,50.1,140.9,241.4,4.4,136.5,2026,10.5,14.8,2.0,7.0,Concussion,94.0,94.0,-16.0
00-0035192,111,2,7,2,Joey Slye,K,TEN,92.3,129.5,153.4,4.1,121.2,2026,7.88,16.0,1.0,2.0,Calf,325.0,325.0,214.0
00-0032726,112,2,8,2,Ka'imi Fairbairn,K,HOU,109.9,129.2,152.6,4.0,121.2,2026,7.9,15.8,2.0,4.0,Quadricep,130.0,130.0,18.0
DST_LA,113,2,10,3,LA D/ST,DST,LA,37.2,78.8,120.4,3.9,71.0,2026,,,,,,,,
DST_BUF,114,2,11,3,BUF D/ST,DST,BUF,36.3,77.9,119.5,3.5,71.0,2026,,,,,,,,
00-0039847,115,2,15,1,Theo Johnson,TE,NYG,46.1,122.5,184.0,3.4,118.5,2026,9.13,13.8,2.0,5.0,Illness,144.0,144.0,29.0
00-0040128,116,2,15,1,Tyler Warren,TE,IND,59.1,122.5,206.6,3.4,118.5,2026,9.63,15.1,0.0,2.0,Illness,48.0,48.0,-68.0
DST_ATL,117,2,12,3,ATL D/ST,DST,ATL,36.0,77.6,119.2,3.3,71.0,2026,,,,,,,,
00-0037224,118,2,9,2,Cameron Dicker,K,LAC,95.4,127.5,153.8,3.1,121.2,2026,7.9,16.1,0.0,0.0,,118.0,118.0,0.0
00-0039404,119,2,10,2,Will Reichard,K,MIN,82.7,127.0,155.7,2.9,121.2,2026,7.92,15.9,0.0,0.0,,166.0,166.0,47.0
00-0039738,120,2,33,2,Blake Corum,RB,LA,21.7,95.2,194.3,2.4,92.8,2026,7.84,13.7,0.0,2.0,Ankle,68.0,68.0,-52.0
00-0036875,121,2,33,2,Rhamondre Stevenson,RB,NE,26.7,95.2,208.3,2.4,92.8,2026,8.17,13.4,2.0,4.0,Toe,58.0,58.0,-63.0
DST_NO,122,2,13,4,NO D/ST,DST,NO,33.1,74.7,116.3,1.9,71.0,2026,,,,,,,,
DST_CAR,123,2,14,4,CAR D/ST,DST,CAR,32.8,74.4,116.0,1.7,71.0,2026,,,,,,,,
00-0039576,124,2,11,3,Spencer Shrader,K,IND,62.1,123.7,155.9,1.2,121.2,2026,7.78,15.0,0.0,0.0,,355.0,355.0,231.0
00-0033787,125,2,12,3,Jake Elliott,K,PHI,72.4,123.4,151.6,1.1,121.2,2026,7.84,16.1,0.0,0.0,,218.0,218.0,93.0
00-0038567,126,2,12,3,Chad Ryland,K,ARI,84.0,123.5,153.4,1.1,121.2,2026,7.87,15.7,0.0,0.0,,324.0,324.0,198.0
00-0035269,127,2,14,3,Matt Gay,K,SF,66.5,122.6,153.7,0.7,121.2,2026,7.81,16.0,1.0,3.0,Back,239.0,239.0,112.0
00-0039919,128,2,34,2,Rome Odunze,WR,CHI,48.9,136.9,232.5,0.4,136.5,2026,11.31,13.9,3.0,8.0,Foot,63.0,63.0,-65.0
00-0035358,129,2,15,3,Chase McLaughlin,K,TB,88.2,121.6,156.9,0.2,121.2,2026,7.9,15.4,0.0,2.0,Illness,199.0,199.0,70.0
00-0036816,130,2,15,4,Riley Patterson,K,MIA,72.0,121.7,154.5,0.2,121.2,2026,7.86,16.0,0.0,0.0,,241.0,241.0,111.0
DST_KC,131,2,15,4,KC D/ST,DST,KC,29.9,71.5,113.2,0.2,71.0,2026,,,,,,,,
DST_DET,132,2,16,4,DET D/ST,DST,DET,29.6,71.3,112.9,0.1,71.0,2026,,,,,,,,
00-0034960,133,2,35,2,Jakobi Meyers,WR,JAX,46.6,136.5,226.8,0.0,136.5,2026,10.17,14.3,0.0,2.0,Knee,77.0,77.0,-56.0
00-0034869,134,2,17,2,Sam Darnold,QB,SEA,152.1,343.5,488.2,0.0,343.5,2026,25.01,13.4,0.0,1.0,Chest,90.0,90.0,-44.0
DST_PIT,135,2,17,5,PIT D/ST,DST,PIT,29.4,71.0,112.6,0.0,71.0,2026,,,,,,,,
00-0037263,136,2,35,2,Tyler Allgeier,RB,ATL,21.1,92.8,183.7,0.0,92.8,2026,7.87,13.7,0.0,2.0,Hip,89.0,89.0,-47.0
00-0039065,137,2,17,1,Sam LaPorta,TE,DET,35.9,118.5,168.3,0.0,118.5,2026,8.49,13.4,1.0,1.0,Back,59.0,59.0,-78.0
00-0031203,138,2,17,4,Cairo Santos,K,CHI,71.2,121.2,152.5,0.0,121.2,2026,7.81,16.1,1.0,3.0,Thigh,190.0,190.0,52.0
00-0033303,139,2,18,4,Harrison Butker,K,KC,58.1,120.6,152.1,-0.3,121.2,2026,7.87,15.9,0.0,0.0,,155.0,155.0,16.0
00-0039793,140,2,18,2,AJ Barner,TE,SEA,53.4,118.0,181.9,-0.4,118.5,2026,7.81,15.3,0.0,6.0,Calf,126.0,126.0,-14.0
DST_TB,141,2,18,5,TB D/ST,DST,TB,28.2,69.8,111.4,-0.6,71.0,2026,,,,,,,,
00-0031136,142,2,19,4,Chris Boswell,K,PIT,64.0,119.9,152.4,-0.6,121.2,2026,7.84,15.2,0.0,0.0,,147.0,147.0,5.0
DST_GB,143,2,19,5,GB D/ST,DST,GB,27.3,68.9,110.6,-1.0,71.0,2026,,,,,,,,
DST_CHI,144,2,19,5,CHI D/ST,DST,CHI,27.3,68.9,110.6,-1.0,71.0,2026,,,,,,,,
00-0033923,145,2,36,2,Kareem Hunt,RB,KC,20.3,91.7,190.2,-1.1,92.8,2026,7.16,13.5,0.0,4.0,Ankle,242.0,242.0,97.0
00-0025565,146,2,20,4,Nick Folk,K,NYJ,67.6,118.6,150.9,-1.3,121.2,2026,7.83,15.8,0.0,0.0,,249.0,249.0,103.0
00-0038544,147,2,36,2,Quentin Johnston,WR,LAC,52.8,135.1,209.8,-1.4,136.5,2026,11.06,13.9,0.0,6.0,Groin,103.0,103.0,-44.0
00-0029822,148,2,21,5,Brandon McManus,K,GB,70.7,117.7,154.2,-1.8,121.2,2026,7.8,15.7,0.0,7.0,Quadricep,999.0,999.0,851.0
DST_LV,149,2,21,6,LV D/ST,DST,LV,25.6,67.2,108.8,-1.9,71.0,2026,,,,,,,,
00-0040200,150,2,22,5,Andy Borregales,K,NE,54.1,116.6,150.5,-2.3,121.2,2026,7.82,15.9,0.0,0.0,,157.0,157.0,7.0
00-0038428,151,2,22,5,Andre Szmyt,K,CLE,59.0,116.6,157.6,-2.3,121.2,2026,7.83,16.0,0.0,1.0,Calf,319.0,319.0,168.0
DST_IND,152,2,22,6,IND D/ST,DST,IND,24.7,66.3,108.0,-2.4,71.0,2026,,,,,,,,
00-0034161,153,2,24,5,Daniel Carlson,K,LV,46.1,116.3,152.1,-2.5,121.2,2026,7.84,15.8,0.0,0.0,,598.0,598.0,445.0
00-0035685,154,2,37,2,David Montgomery,RB,DET,20.9,90.2,194.2,-2.6,92.8,2026,7.16,13.5,0.0,1.0,Illness,45.0,45.0,-109.0
DST_TEN,155,2,23,6,TEN D/ST,DST,TEN,24.2,65.8,107.4,-2.6,71.0,2026,,,,,,,,
00-0039849,156,2,37,2,Marvin Harrison Jr.,WR,ARI,46.1,133.6,229.3,-2.9,136.5,2026,10.39,14.1,4.0,9.0,Heel,74.0,74.0,-82.0
00-0032569,157,2,25,5,Wil Lutz,K,DEN,52.0,115.4,154.7,-2.9,121.2,2026,7.83,16.1,0.0,1.0,Illness,177.0,177.0,20.0
00-0038562,158,2,26,6,Jake Moody,K,WAS,51.5,115.3,155.4,-3.0,121.2,2026,7.81,15.3,0.0,0.0,,309.0,309.0,151.0
DST_BAL,159,2,24,6,BAL D/ST,DST,BAL,23.0,64.6,106.2,-3.2,71.0,2026,,,,,,,,
DST_MIA,160,2,24,7,MIA D/ST,DST,MIA,23.0,64.6,106.2,-3.2,71.0,2026,,,,,,,,
00-0039391,161,2,38,2,Kimani Vidal,RB,LAC,19.4,89.6,215.9,-3.2,92.8,2026,8.43,12.9,0.0,2.0,Neck,141.0,141.0,-20.0
00-0036322,162,2,38,2,Justin Jefferson,WR,MIN,47.6,133.0,228.4,-3.5,136.5,2026,10.26,14.3,0.0,2.0,Not injury related - resting player,11.0,11.0,-151.0
00-0037256,163,2,39,3,Rachaad White,RB,TB,15.6,89.3,183.0,-3.5,92.8,2026,6.94,13.9,0.0,0.0,,124.0,124.0,-39.0
DST_WAS,164,2,26,7,WAS D/ST,DST,WAS,21.5,63.2,104.8,-3.9,71.0,2026,,,,,,,,
00-0038905,165,2,27,6,Blake Grupe,K,IND,74.7,113.0,154.0,-4.1,121.2,2026,7.87,15.5,0.0,0.0,,689.0,689.0,524.0
00-0023853,166,2,28,6,Matt Prater,K,BUF,49.3,112.5,153.1,-4.4,121.2,2026,7.86,15.8,2.0,4.0,Quadricep,999.0,999.0,833.0
DST_SF,167,2,27,7,SF D/ST,DST,SF,20.4,62.0,103.6,-4.5,71.0,2026,,,,,,,,
00-0039750,168,2,29,6,Joshua Karty,K,LA,46.8,111.5,153.5,-4.9,121.2,2026,7.77,14.4,0.0,0.0,,999.0,999.0,831.0
00-0040279,169,2,30,6,Ryan Fitzgerald,K,CAR,40.0,111.3,153.9,-5.0,121.2,2026,7.82,16.0,0.0,0.0,,327.0,327.0,158.0
DST_NYG,170,2,28,7,NYG D/ST,DST,NYG,18.4,60.0,101.6,-5.5,71.0,2026,,,,,,,,
DST_ARI,171,2,29,8,ARI D/ST,DST,ARI,18.1,59.7,101.3,-5.6,71.0,2026,,,,,,,,
00-0033862,172,2,31,7,Zane Gonzalez,K,ATL,53.2,109.1,152.5,-6.1,121.2,2026,7.87,15.1,0.0,0.0,,999.0,999.0,827.0
00-0040074,173,3,32,7,Tyler Loop,K,BAL,65.2,108.7,154.6,-6.2,121.2,2026,7.84,15.1,0.0,0.0,,150.0,150.0,-23.0
00-0037809,174,3,19,2,Chig Okonkwo,TE,TEN,42.1,110.8,181.1,-6.5,118.5,2026,7.58,15.8,0.0,7.0,Foot,137.0,137.0,-37.0
00-0037542,175,3,33,7,John Parker Romo,K,ATL,32.2,107.8,156.9,-6.7,121.2,2026,7.78,15.3,0.0,0.0,,,,
DST_CIN,176,3,30,8,CIN D/ST,DST,CIN,15.8,57.4,99.0,-6.8,71.0,2026,,,,,,,,
DST_DAL,177,3,31,8,DAL D/ST,DST,DAL,14.6,56.2,97.8,-7.4,71.0,2026,,,,,,,,
00-0038933,178,3,20,2,Dalton Kincaid,TE,BUF,37.4,109.8,171.2,-7.4,118.5,2026,7.82,12.6,2.0,10.0,Hamstring,81.0,81.0,-97.0
DST_NYJ,179,3,32,8,NYJ D/ST,DST,NYJ,14.0,55.6,97.3,-7.7,71.0,2026,,,,,,,,
00-0037525,180,3,40,3,Jordan Mason,RB,MIN,17.6,84.9,171.4,-7.9,92.8,2026,6.57,13.6,1.0,2.0,Ankle,96.0,96.0,-84.0
00-0040735,181,3,39,2,Luther Burden III,WR,CHI,22.3,127.9,207.1,-8.6,136.5,2026,10.31,14.9,2.0,5.0,Ankle,40.0,40.0,-141.0
00-0034084,182,3,34,7,Mike Badgley,K,BUF,27.0,103.6,153.2,-8.8,121.2,2026,7.71,15.6,0.0,0.0,,,,
00-0039229,183,3,34,7,Charlie Smyth,K,NO,69.6,103.6,146.7,-8.8,121.2,2026,7.78,14.2,0.0,1.0,Illness,242.0,242.0,59.0
00-0039498,184,3,34,8,Harrison Mevis,K,LA,32.4,103.7,153.0,-8.8,121.2,2026,7.75,15.0,0.0,0.0,,154.0,154.0,-30.0
00-0038935,185,3,21,2,Brenton Strange,TE,JAX,40.4,107.8,178.7,-9.1,118.5,2026,8.24,12.8,1.0,2.0,Hip,104.0,104.0,-81.0
00-0040189,186,3,22,2,Oronde Gadsden II,TE,LAC,41.8,107.4,182.5,-9.4,118.5,2026,8.18,13.1,0.0,1.0,Knee,83.0,83.0,-103.0
00-0039894,187,3,40,2,Xavier Worthy,WR,KC,37.3,126.8,227.5,-9.7,136.5,2026,10.57,13.9,1.0,11.0,Shoulder,122.0,122.0,-65.0
00-0039032,188,3,41,3,Tyjae Spears,RB,TEN,28.6,82.8,181.1,-10.0,92.8,2026,6.52,13.0,0.0,3.0,Ankle,122.0,122.0,-66.0
00-0035719,189,3,41,2,Deebo Samuel Sr.,WR,WAS,42.0,124.6,209.2,-11.9,136.5,2026,9.69,14.1,1.0,6.0,Heel,131.0,131.0,-58.0
00-0033702,190,3,37,8,Younghoe Koo,K,NYG,20.4,92.2,149.0,-14.5,121.2,2026,7.65,13.1,1.0,1.0,Not injury related - other,999.0,999.0,809.0
00-0033293,191,3,42,3,Aaron Jones,RB,MIN,21.7,78.2,215.4,-14.6,92.8,2026,7.05,12.7,1.0,8.0,Hip,85.0,85.0,-106.0
00-0036555,192,3,43,3,Chuba Hubbard,RB,CAR,21.9,77.3,184.2,-15.5,92.8,2026,6.77,13.2,2.0,4.0,Calf,66.0,66.0,-126.0
00-0039798,193,3,44,3,Isaiah Davis,RB,NYJ,11.4,75.9,159.1,-16.9,92.8,2026,5.45,13.1,1.0,1.0,Concussion,523.0,523.0,330.0
00-0038608,194,3,42,2,Kayshon Boutte,WR,NE,43.3,119.5,178.0,-17.0,136.5,2026,10.2,13.5,2.0,6.0,Concussion,164.0,164.0,-30.0
00-0040130,195,3,43,2,Jayden Higgins,WR,HOU,19.6,119.2,193.0,-17.3,136.5,2026,8.03,15.8,0.0,0.0,,126.0,126.0,-69.0
00-0036244,196,3,23,2,Colby Parkinson,TE,LA,36.9,98.1,147.9,-17.3,118.5,2026,6.72,13.8,0.0,6.0,Shoulder,136.0,136.0,-60.0
00-0023459,197,3,18,2,Aaron Rodgers,QB,PIT,111.4,317.9,471.5,-17.9,343.5,2026,26.1,12.3,0.0,8.0,Wrist,187.0,187.0,-10.0
00-0033906,198,3,45,3,Alvin Kamara,RB,NO,27.6,74.8,201.5,-18.0,92.8,2026,7.17,12.2,6.0,12.0,Knee,119.0,119.0,-79.0
00-0040530,199,3,38,8,Ben Sauls,K,NYG,40.5,84.5,141.6,-18.4,121.2,2026,7.69,11.9,0.0,0.0,,326.0,326.0,127.0
00-0040162,200,3,46,3,Dylan Sampson,RB,CLE,11.3,74.0,187.4,-18.8,92.8,2026,5.29,12.9,2.0,5.0,Calf,129.0,129.0,-71.0
00-0034827,201,3,44,2,DJ Moore,WR,CHI,48.7,117.1,194.3,-19.4,136.5,2026,9.6,14.7,0.0,7.0,Illness,52.0,52.0,-149.0
00-0040691,202,3,19,2,Jaxson Dart,QB,NYG,87.8,315.5,502.4,-19.6,343.5,2026,26.35,12.6,2.0,6.0,Concussion,37.0,37.0,-165.0
00-0026858,203,3,39,8,Graham Gano,K,NYG,32.8,81.7,142.0,-19.8,121.2,2026,7.71,12.3,2.0,4.0,Groin,999.0,999.0,796.0
00-0035189,204,3,40,8,Matthew Wright,K,HOU,37.7,81.4,146.9,-19.9,121.2,2026,7.73,11.7,0.0,0.0,,453.0,453.0,249.0
00-0039405,205,3,47,3,Jawhar Jordan,RB,HOU,7.8,72.0,179.6,-20.8,92.8,2026,6.73,9.9,0.0,0.0,,643.0,643.0,438.0
00-0036158,206,3,48,3,J.K. Dobbins,RB,DEN,15.8,71.9,213.8,-20.9,92.8,2026,7.87,12.2,1.0,1.0,Foot,68.0,68.0,-138.0
00-0031408,207,3,45,2,Mike Evans,WR,TB,37.8,115.3,166.1,-21.2,136.5,2026,9.0,11.6,4.0,11.0,Hamstring,60.0,60.0,-147.0
00-0038951,208,3,49,3,Sean Tucker,RB,TB,13.1,71.6,166.3,-21.2,92.8,2026,6.1,12.8,0.0,2.0,Groin,155.0,155.0,-53.0
00-0033553,209,3,50,3,James Conner,RB,ARI,26.5,71.1,196.1,-21.7,92.8,2026,6.86,11.4,0.0,1.0,Foot,92.0,92.0,-117.0
00-0039934,210,3,41,8,Jude McAtamney,K,NYG,39.1,76.5,133.6,-22.4,121.2,2026,7.61,13.0,0.0,0.0,,549.0,549.0,339.0
00-0037157,211,3,51,3,Bam Knight,RB,ARI,13.2,70.1,175.9,-22.7,92.8,2026,6.58,12.5,0.0,4.0,Ankle,,,
00-0036924,212,3,52,3,Michael Carter,RB,ARI,17.4,68.6,169.4,-24.2,92.8,2026,6.12,12.6,0.0,0.0,,660.0,660.0,448.0
00-0035250,213,3,53,3,Devin Singletary,RB,NYG,13.3,68.4,174.1,-24.4,92.8,2026,6.32,13.8,0.0,0.0,,660.0,660.0,447.0
00-0038797,214,3,54,3,Emanuel Wilson,RB,GB,9.2,67.6,157.1,-25.2,92.8,2026,5.81,13.2,0.0,1.0,Illness,161.0,161.0,-53.0
00-0038152,215,3,42,8,Lucas Havrisik,K,GB,26.1,70.2,143.1,-25.5,121.2,2026,7.49,12.0,0.0,0.0,,999.0,999.0,784.0
00-0037261,216,3,46,2,Khalil Shakir,WR,BUF,34.8,109.4,211.8,-27.1,136.5,2026,9.51,14.0,0.0,3.0,Ankle,120.0,120.0,-96.0
00-0038994,217,3,47,2,Jordan Addison,WR,MIN,28.2,109.3,213.1,-27.2,136.5,2026,9.39,13.4,0.0,1.0,Achilles,99.0,99.0,-118.0
00-0035229,218,3,24,2,T.J. Hockenson,TE,MIN,33.4,85.7,167.3,-27.9,118.5,2026,6.84,13.6,2.0,3.0,Shoulder,128.0,128.0,-90.0
00-0037816,219,3,48,2,Romeo Doubs,WR,GB,32.9,108.4,203.7,-28.1,136.5,2026,8.47,13.9,0.0,4.0,Wrist,117.0,117.0,-102.0
00-0035659,220,3,49,2,Terry McLaurin,WR,WAS,34.0,108.1,191.2,-28.4,136.5,2026,7.95,12.2,7.0,10.0,Quadricep,54.0,54.0,-166.0
00-0040719,221,3,55,3,Bhayshul Tuten,RB,JAX,7.7,64.3,146.3,-28.5,92.8,2026,5.56,12.4,1.0,8.0,Finger,44.0,44.0,-177.0
00-0038129,222,3,25,2,Cade Otton,TE,TB,31.1,83.7,164.7,-29.6,118.5,2026,7.37,14.3,0.0,3.0,Knee,148.0,148.0,-74.0
00-0039150,223,3,20,2,Bryce Young,QB,CAR,112.7,300.9,433.9,-29.8,343.5,2026,25.07,11.1,0.0,3.0,Ankle,127.0,127.0,-96.0
00-0033699,224,3,56,3,Austin Ekeler,RB,WAS,18.1,62.8,134.5,-30.0,92.8,2026,5.88,8.4,0.0,1.0,Shoulder,317.0,317.0,93.0
00-0031610,225,3,26,2,Darren Waller,TE,MIA,26.3,82.4,136.1,-30.7,118.5,2026,6.06,12.6,3.0,13.0,Hip,369.0,369.0,144.0
00-0040170,226,3,50,2,Elic Ayomanor,WR,TEN,18.0,105.7,202.6,-30.8,136.5,2026,7.68,14.8,1.0,2.0,Hamstring,185.0,185.0,-41.0
00-0039163,227,3,21,3,C.J. Stroud,QB,HOU,70.0,299.4,458.2,-30.9,343.5,2026,26.14,12.1,3.0,4.0,Concussion,101.0,101.0,-126.0
00-0038555,228,3,57,3,Tank Bigsby,RB,PHI,6.3,61.6,139.7,-31.2,92.8,2026,5.36,12.2,0.0,1.0,Illness,147.0,147.0,-81.0
00-0040584,229,3,27,2,Gunnar Helm,TE,TEN,20.0,81.1,160.9,-31.8,118.5,2026,7.01,14.3,1.0,3.0,Toe,153.0,153.0,-76.0
00-0038454,230,3,58,4,Keaton Mitchell,RB,BAL,6.1,60.8,146.3,-32.0,92.8,2026,5.3,11.5,0.0,3.0,Knee,148.0,148.0,-82.0
00-0040198,231,3,59,4,Ollie Gordon II,RB,MIA,10.5,60.7,175.7,-32.1,92.8,2026,5.05,12.8,0.0,3.0,Ankle,428.0,428.0,197.0
00-0038124,232,3,51,2,Christian Watson,WR,GB,30.0,104.1,188.2,-32.4,136.5,2026,8.17,13.6,2.0,10.0,Knee,64.0,64.0,-168.0
00-0033526,233,3,60,4,Samaje Perine,RB,CIN,3.1,59.9,152.4,-32.9,92.8,2026,5.15,12.6,1.0,5.0,Ankle,409.0,409.0,176.0
00-0034753,234,3,28,2,Mark Andrews,TE,BAL,29.6,77.7,160.8,-34.7,118.5,2026,6.45,13.7,0.0,1.0,Glute,96.0,96.0,-138.0
00-0039916,235,3,52,2,Ricky Pearsall,WR,SF,26.5,101.5,202.1,-35.0,136.5,2026,9.0,12.9,7.0,13.0,Knee,244.0,244.0,9.0
00-0038563,236,3,53,2,Tre Tucker,WR,LV,31.5,100.9,207.0,-35.6,136.5,2026,8.71,14.6,0.0,1.0,Knee,183.0,183.0,-53.0
00-0038611,237,3,61,4,Chris Rodriguez Jr.,RB,WAS,5.4,56.9,164.3,-35.9,92.8,2026,6.0,11.6,0.0,7.0,Calf,126.0,126.0,-111.0
00-0037112,238,3,29,2,Jake Tonges,TE,SF,24.5,76.0,142.6,-36.1,118.5,2026,5.62,12.6,0.0,0.0,,178.0,178.0,-60.0
00-0039901,239,3,54,2,Keon Coleman,WR,BUF,17.1,100.2,185.9,-36.3,136.5,2026,6.73,13.3,0.0,2.0,Groin,206.0,206.0,-33.0
00-0035243,240,3,62,4,Miles Sanders,RB,DAL,2.9,56.2,161.0,-36.6,92.8,2026,5.71,10.5,1.0,2.0,Knee,290.0,290.0,50.0
00-0037746,241,3,63,4,Brian Robinson,RB,SF,9.5,55.9,148.0,-36.9,92.8,2026,4.85,12.6,0.0,0.0,,80.0,80.0,-161.0
00-0035689,242,3,30,2,Dawson Knox,TE,BUF,26.2,75.1,141.7,-36.9,118.5,2026,5.23,13.0,0.0,4.0,Knee,684.0,684.0,442.0
00-0036894,243,3,31,2,Pat Freiermuth,TE,PIT,26.3,74.8,159.5,-37.1,118.5,2026,6.61,13.3,0.0,1.0,Quadricep,230.0,230.0,-13.0
00-0040078,244,3,64,4,Brashard Smith,RB,KC,10.8,55.5,134.4,-37.3,92.8,2026,3.99,12.3,0.0,3.0,Toe,182.0,182.0,-62.0
00-0038997,245,3,55,2,Josh Downs,WR,IND,28.2,98.9,206.4,-37.6,136.5,2026,7.95,13.8,1.0,7.0,Concussion,111.0,111.0,-134.0
00-0039910,246,3,22,3,Jayden Daniels,QB,WAS,76.0,289.1,543.0,-38.1,343.5,2026,26.07,12.3,10.0,16.0,Elbow,18.0,18.0,-228.0
00-0040202,247,3,65,4,Devin Neal,RB,NO,5.7,54.2,174.2,-38.6,92.8,2026,5.16,11.6,0.0,4.0,Ankle,169.0,169.0,-78.0
00-0034791,248,3,66,4,Nick Chubb,RB,HOU,4.9,53.9,169.3,-38.9,92.8,2026,5.61,12.9,0.0,3.0,Ribs,244.0,244.0,-4.0
00-0030279,249,3,56,2,Keenan Allen,WR,LAC,32.4,97.5,164.4,-39.0,136.5,2026,8.22,13.8,0.0,9.0,Not injury related - resting player,177.0,177.0,-72.0
00-0033885,250,3,32,2,David Njoku,TE,CLE,27.7,72.2,151.4,-39.4,118.5,2026,6.25,12.8,5.0,13.0,Knee,131.0,131.0,-119.0
00-0035537,251,3,67,4,Ty Johnson,RB,BUF,13.8,52.6,145.9,-40.2,92.8,2026,4.09,13.5,0.0,0.0,,534.0,534.0,283.0
00-0040705,252,3,57,2,Chimere Dike,WR,TEN,17.9,96.3,182.1,-40.2,136.5,2026,7.16,15.7,0.0,2.0,Chest,175.0,175.0,-77.0
00-0033955,253,3,68,4,Jeremy McNichols,RB,WAS,9.7,51.5,127.1,-41.3,92.8,2026,3.91,12.9,0.0,1.0,Hamstring,477.0,477.0,224.0
00-0039373,254,3,69,4,Audric Estimé,RB,NO,0.5,51.0,163.0,-41.8,92.8,2026,5.53,9.9,0.0,0.0,,190.0,190.0,-64.0
00-0037545,255,3,58,2,Rashid Shaheed,WR,SEA,26.6,94.6,197.1,-41.9,136.5,2026,7.68,14.0,0.0,2.0,Hip,149.0,149.0,-106.0
00-0039890,256,3,59,2,Adonai Mitchell,WR,NYJ,16.9,94.5,174.9,-42.0,136.5,2026,7.33,14.8,0.0,0.0,,162.0,162.0,-94.0
00-0037197,257,3,70,4,Isiah Pacheco,RB,KC,6.6,50.2,163.5,-42.6,92.8,2026,5.37,11.9,3.0,6.0,Knee,151.0,151.0,-106.0
00-0039921,258,3,71,4,Trey Benson,RB,ARI,5.9,49.4,135.6,-43.4,92.8,2026,5.3,9.8,3.0,3.0,Knee,114.0,114.0,-144.0
00-0038705,259,4,72,4,Emari Demercado,RB,ARI,6.1,48.3,149.5,-44.5,92.8,2026,4.97,11.6,4.0,6.0,Ankle,504.0,504.0,245.0
00-0037838,260,4,33,2,Isaiah Likely,TE,BAL,16.0,64.7,150.1,-45.7,118.5,2026,5.1,12.4,3.0,6.0,Foot,107.0,107.0,-153.0
00-0040736,261,4,34,2,Mason Taylor,TE,NYJ,21.6,64.5,163.2,-45.9,118.5,2026,6.13,13.5,4.0,8.0,Neck,138.0,138.0,-123.0
00-0039874,262,4,73,4,Jaylen Wright,RB,MIA,3.7,46.6,160.1,-46.2,92.8,2026,5.74,10.5,1.0,3.0,Knee,174.0,174.0,-88.0
00-0036407,263,4,60,2,Jerry Jeudy,WR,CLE,18.4,89.0,193.1,-47.5,136.5,2026,7.12,14.0,0.0,2.0,Knee,160.0,160.0,-103.0
00-0033881,264,4,35,3,Evan Engram,TE,DEN,24.1,62.5,144.8,-47.6,118.5,2026,6.14,13.2,1.0,3.0,Back,484.0,484.0,220.0
00-0033921,265,4,61,3,Chris Godwin Jr.,WR,TB,22.5,88.0,156.6,-48.5,136.5,2026,7.31,11.9,8.0,16.0,Fibula,88.0,88.0,-177.0
00-0038551,266,4,74,4,Kendre Miller,RB,NO,3.8,44.1,132.5,-48.7,92.8,2026,4.61,10.1,0.0,0.0,,180.0,180.0,-86.0
00-0036755,267,4,74,4,Jaret Patterson,RB,LAC,2.3,44.1,123.4,-48.7,92.8,2026,4.44,9.8,0.0,0.0,,633.0,633.0,366.0
00-0034829,268,4,36,3,Mike Gesicki,TE,CIN,18.6,58.8,145.6,-50.7,118.5,2026,5.08,12.2,1.0,2.0,Pectoral,416.0,416.0,148.0
00-0040238,269,4,76,4,LeQuint Allen Jr.,RB,JAX,7.3,41.3,120.0,-51.5,92.8,2026,3.52,11.5,0.0,0.0,,501.0,501.0,232.0
00-0035644,270,4,37,3,Noah Fant,TE,CIN,16.4,57.8,143.3,-51.6,118.5,2026,5.0,12.0,2.0,4.0,Ankle,642.0,642.0,372.0
00-0039066,271,4,38,3,Michael Mayer,TE,LV,18.8,57.7,136.5,-51.7,118.5,2026,5.18,13.2,3.0,6.0,Ankle,446.0,446.0,175.0
00-0037252,272,4,39,3,Greg Dulcich,TE,MIA,11.8,56.4,142.2,-52.8,118.5,2026,4.81,10.9,0.0,0.0,,230.0,230.0,-42.0
00-0033858,273,4,40,3,Jonnu Smith,TE,PIT,20.5,56.3,122.1,-52.9,118.5,2026,4.27,12.3,0.0,6.0,Not injury related - resting player,592.0,592.0,319.0
00-0039074,274,4,41,3,Davis Allen,TE,LA,18.1,56.0,130.9,-53.1,118.5,2026,4.43,12.6,0.0,1.0,Knee,661.0,661.0,387.0
00-0036893,275,4,77,5,Najee Harris,RB,LAC,2.1,38.9,106.6,-53.9,92.8,2026,4.63,8.6,0.0,1.0,Eye,170.0,170.0,-105.0
00-0037005,276,4,42,3,Tommy Tremble,TE,CAR,16.7,54.1,120.7,-54.7,118.5,2026,4.12,13.6,0.0,0.0,,597.0,597.0,321.0
00-0039410,277,4,62,3,Ryan Flournoy,WR,DAL,15.5,81.8,147.1,-54.7,136.5,2026,5.23,14.4,0.0,2.0,Knee,199.0,199.0,-78.0
00-0033110,278,4,42,3,Tyler Higbee,TE,LA,16.8,54.1,137.9,-54.7,118.5,2026,5.26,12.1,0.0,9.0,Hip,652.0,652.0,374.0
00-0036290,279,4,44,3,Cole Kmet,TE,CHI,14.5,52.7,126.8,-55.9,118.5,2026,4.37,12.6,1.0,6.0,Back,496.0,496.0,217.0
00-0039041,280,4,45,3,Elijah Higgins,TE,ARI,17.7,51.2,109.3,-57.2,118.5,2026,3.75,13.8,0.0,1.0,Illness,668.0,668.0,388.0
00-0040134,281,4,63,3,Pat Bryant,WR,DEN,14.2,79.2,162.4,-57.3,136.5,2026,7.26,13.5,2.0,6.0,Concussion,172.0,172.0,-109.0
00-0036328,282,4,78,5,Antonio Gibson,RB,NE,2.0,35.5,124.8,-57.3,92.8,2026,4.21,9.5,1.0,1.0,Knee,367.0,367.0,85.0
00-0040644,283,4,79,5,Trevor Etienne,RB,CAR,8.4,35.3,108.5,-57.5,92.8,2026,2.66,11.0,0.0,0.0,,690.0,690.0,407.0
00-0039880,284,4,64,3,Malik Washington,WR,MIA,14.4,78.7,161.9,-57.8,136.5,2026,5.76,15.2,0.0,2.0,Knee,175.0,175.0,-109.0
00-0038558,285,4,46,3,Darnell Washington,TE,PIT,16.6,49.7,127.1,-58.5,118.5,2026,4.87,12.5,0.0,2.0,Concussion,492.0,492.0,207.0
00-0039794,286,4,80,5,Braelon Allen,RB,NYJ,1.8,34.2,130.4,-58.6,92.8,2026,4.38,8.5,0.0,1.0,Knee,135.0,135.0,-151.0
00-0039491,287,4,65,3,Jalen Coker,WR,CAR,15.7,77.7,161.3,-58.8,136.5,2026,6.61,12.4,0.0,2.0,Quadricep,132.0,132.0,-155.0
00-0040737,288,4,47,3,Terrance Ferguson,TE,LA,11.0,48.5,110.5,-59.5,118.5,2026,4.19,11.7,0.0,1.0,Hamstring,141.0,141.0,-147.0
00-0040194,289,4,47,3,Jackson Hawes,TE,BUF,14.0,48.5,114.0,-59.5,118.5,2026,4.09,11.9,0.0,2.0,Ankle,614.0,614.0,325.0
00-0040676,290,4,23,3,Cam Ward,QB,TEN,52.9,258.3,435.0,-59.6,343.5,2026,24.13,11.0,0.0,1.0,Ankle,103.0,103.0,-187.0
00-0034975,291,4,81,5,Justice Hill,RB,BAL,7.2,32.9,147.9,-59.9,92.8,2026,4.25,11.1,2.0,3.0,Neck,219.0,219.0,-72.0
00-0037291,292,4,66,3,Jalen Nailor,WR,MIN,13.1,76.5,129.3,-60.0,136.5,2026,4.92,15.0,0.0,3.0,Hand,167.0,167.0,-125.0
00-0039875,293,4,82,5,Ray Davis,RB,BUF,10.2,32.7,113.1,-60.1,92.8,2026,3.3,12.3,0.0,2.0,Illness,167.0,167.0,-126.0
00-0040187,294,4,49,3,Mitchell Evans,TE,CAR,11.1,47.8,111.7,-60.1,118.5,2026,4.3,13.3,0.0,0.0,,534.0,534.0,240.0
00-0039356,295,4,49,3,Ja'Tavion Sanders,TE,CAR,14.0,47.8,114.1,-60.1,118.5,2026,4.01,12.9,2.0,5.0,Ankle,576.0,576.0,281.0
00-0038976,296,4,67,3,Marvin Mims Jr.,WR,DEN,12.6,76.3,154.4,-60.2,136.5,2026,5.72,14.0,2.0,7.0,Concussion,192.0,192.0,-104.0
00-0029892,297,4,83,5,Kyle Juszczyk,RB,SF,13.1,32.4,80.6,-60.4,92.8,2026,3.25,12.0,0.0,3.0,Concussion,,,
00-0037267,298,4,84,5,Jerome Ford,RB,CLE,6.5,32.3,110.0,-60.5,92.8,2026,3.42,11.0,0.0,1.0,Hamstring,637.0,637.0,339.0
00-0032104,299,4,85,5,Ameer Abdullah,RB,IND,4.4,31.9,102.6,-60.9,92.8,2026,3.01,11.8,0.0,1.0,Knee,599.0,599.0,300.0
00-0033555,300,4,68,3,Mack Hollins,WR,NE,16.0,75.3,147.9,-61.2,136.5,2026,6.08,11.5,1.0,2.0,Abdomen,697.0,697.0,397.0
00-0038619,301,4,68,3,Andrei Iosivas,WR,CIN,15.6,75.3,162.1,-61.2,136.5,2026,5.98,14.1,0.0,0.0,,506.0,506.0,205.0
00-0039342,302,4,70,3,Xavier Legette,WR,CAR,13.8,74.6,163.4,-61.9,136.5,2026,5.44,13.8,1.0,5.0,Hamstring,532.0,532.0,230.0
00-0040739,303,4,51,3,Elijah Arroyo,TE,SEA,9.2,45.1,112.9,-62.4,118.5,2026,3.98,13.1,1.0,3.0,Knee,418.0,418.0,115.0
00-0040782,304,4,71,3,Isaiah Bond,WR,CLE,9.0,73.2,141.5,-63.3,136.5,2026,6.94,14.1,1.0,2.0,Foot,683.0,683.0,379.0
00-0039855,305,4,72,3,Jalen McMillan,WR,TB,13.2,73.1,173.8,-63.4,136.5,2026,6.5,12.6,1.0,2.0,Neck,165.0,165.0,-140.0
00-0040466,306,4,86,5,Raheim Sanders,RB,CLE,1.7,29.2,108.1,-63.6,92.8,2026,4.49,7.8,0.0,1.0,Ankle,690.0,690.0,384.0
00-0038738,307,4,87,5,Hunter Luepke,RB,DAL,6.2,29.1,106.6,-63.7,92.8,2026,3.36,11.0,0.0,3.0,Concussion,,,
00-0036567,308,4,88,5,Elijah Mitchell,RB,KC,5.5,28.8,80.4,-64.0,92.8,2026,2.99,8.3,0.0,0.0,,999.0,999.0,691.0
00-0040667,309,4,73,3,Matthew Golden,WR,GB,10.0,72.4,146.6,-64.1,136.5,2026,6.53,13.3,0.0,10.0,Shoulder,120.0,120.0,-189.0
00-0037085,310,4,89,5,Tyler Badie,RB,DEN,10.7,28.5,75.6,-64.3,92.8,2026,2.51,11.8,0.0,1.0,Shoulder,447.0,447.0,137.0
00-0039144,311,4,52,4,Luke Musgrave,TE,GB,11.7,42.7,102.4,-64.4,118.5,2026,3.73,12.3,0.0,0.0,,687.0,687.0,376.0
00-0038115,312,4,53,4,Daniel Bellinger,TE,NYG,14.3,42.6,120.8,-64.5,118.5,2026,4.4,11.7,0.0,4.0,Neck,681.0,681.0,369.0
00-0032392,313,4,54,4,Austin Hooper,TE,NE,14.4,42.5,115.6,-64.6,118.5,2026,3.76,10.2,1.0,2.0,Concussion,430.0,430.0,117.0
00-0033040,314,4,74,3,Tyreek Hill,WR,MIA,17.4,71.3,125.7,-65.2,136.5,2026,6.37,9.8,0.0,2.0,Not injury related - personal matter,145.0,145.0,-169.0
00-0037805,315,4,55,4,Jeremy Ruckert,TE,NYJ,12.3,41.8,103.3,-65.2,118.5,2026,3.65,13.0,0.0,0.0,,495.0,495.0,180.0
00-0038794,316,4,90,5,Jaleel McLaughlin,RB,DEN,4.4,27.5,118.3,-65.3,92.8,2026,3.62,10.5,0.0,0.0,,661.0,661.0,345.0
00-0038621,317,4,75,3,DeMario Douglas,WR,NE,12.4,70.9,144.9,-65.6,136.5,2026,5.8,14.1,0.0,2.0,Hamstring,510.0,510.0,193.0
00-0039796,318,4,91,5,Rasheen Ali,RB,BAL,4.7,27.1,77.2,-65.7,92.8,2026,2.68,10.8,0.0,1.0,Concussion,682.0,682.0,364.0
00-0037563,319,4,91,5,Malik Davis,RB,DAL,3.8,27.1,119.6,-65.7,92.8,2026,3.97,10.8,1.0,2.0,Calf,473.0,473.0,154.0
00-0038440,320,4,93,5,Zavier Scott,RB,MIN,4.0,27.0,110.1,-65.8,92.8,2026,3.2,10.6,1.0,4.0,Ankle,691.0,691.0,371.0
00-0038618,321,4,76,3,Xavier Hutchinson,WR,HOU,12.0,70.6,146.1,-65.9,136.5,2026,5.36,14.0,0.0,0.0,,679.0,679.0,358.0
00-0040237,322,4,77,3,Tez Johnson,WR,TB,14.1,70.4,144.5,-66.1,136.5,2026,5.8,14.3,0.0,0.0,,674.0,674.0,352.0
00-0038685,323,4,94,5,Chris Brooks,RB,GB,8.1,26.5,98.9,-66.3,92.8,2026,2.62,12.1,0.0,1.0,Chest,479.0,479.0,156.0
00-0033854,324,4,95,5,Dare Ogunbowale,RB,HOU,2.4,26.0,73.2,-66.8,92.8,2026,2.22,11.1,0.0,0.0,,685.0,685.0,361.0
00-0031687,325,4,96,6,Raheem Mostert,RB,LV,4.9,25.5,79.2,-67.3,92.8,2026,2.61,10.8,0.0,3.0,Ankle,384.0,384.0,59.0
00-0037594,326,4,97,6,Julius Chestnut,RB,TEN,5.6,25.3,79.7,-67.5,92.8,2026,2.26,11.0,0.0,1.0,Back,651.0,651.0,325.0
00-0040547,327,4,97,6,Nate Carter,RB,ATL,2.1,25.3,114.9,-67.5,92.8,2026,4.56,7.3,1.0,3.0,Hamstring,,,
00-0038393,328,4,78,3,Dontayvion Wicks,WR,GB,14.2,68.4,150.9,-68.1,136.5,2026,5.96,13.2,2.0,14.0,Calf,204.0,204.0,-124.0
00-0036637,329,4,56,4,Noah Gray,TE,KC,10.1,38.4,100.1,-68.1,118.5,2026,2.98,12.8,1.0,5.0,Concussion,683.0,683.0,354.0
00-0039757,330,4,99,6,Terrell Jennings,RB,NE,3.3,24.5,97.4,-68.3,92.8,2026,3.27,8.6,1.0,3.0,Concussion,999.0,999.0,669.0
00-0033908,331,4,79,3,Cooper Kupp,WR,SEA,15.9,67.4,158.7,-69.1,136.5,2026,6.0,12.6,0.0,8.0,Hamstring,199.0,199.0,-132.0
00-0038678,332,4,100,6,Jordan Mims,RB,TEN,19.0,23.5,88.4,-69.3,92.8,2026,3.15,8.8,0.0,0.0,,337.0,337.0,5.0
00-0039746,333,4,100,6,Will Shipley,RB,PHI,4.6,23.5,75.8,-69.3,92.8,2026,2.64,10.4,2.0,3.0,Oblique,686.0,686.0,353.0
00-0030565,334,4,24,3,Geno Smith,QB,LV,80.1,243.8,426.2,-69.8,343.5,2026,25.04,9.1,2.0,4.0,Ankle,211.0,211.0,-123.0
00-0036265,335,4,102,6,AJ Dillon,RB,PHI,3.7,22.7,87.3,-70.1,92.8,2026,2.81,8.6,0.0,0.0,,688.0,688.0,353.0
00-0036906,336,4,103,6,Khalil Herbert,RB,NYJ,3.6,22.6,87.0,-70.2,92.8,2026,3.06,8.7,0.0,2.0,Groin,690.0,690.0,354.0
00-0038104,337,4,80,3,Tyquan Thornton,WR,KC,9.7,66.3,141.3,-70.2,136.5,2026,4.94,11.8,1.0,2.0,Concussion,528.0,528.0,191.0
00-0035249,338,4,57,4,Josh Oliver,TE,MIN,11.8,35.8,105.8,-70.3,118.5,2026,3.41,10.9,2.0,5.0,Foot,647.0,647.0,309.0
00-0040727,339,4,81,3,Tre Harris,WR,LAC,9.1,66.0,140.1,-70.5,136.5,2026,5.48,14.9,0.0,2.0,Hip,179.0,179.0,-160.0
00-0034613,340,4,58,4,Tanner Hudson,TE,CIN,7.6,35.5,84.8,-70.6,118.5,2026,3.23,10.8,1.0,2.0,Concussion,658.0,658.0,318.0
00-0035662,341,4,82,3,Marquise Brown,WR,KC,13.8,65.6,165.0,-70.9,136.5,2026,4.86,12.8,1.0,10.0,Not injury related - personal matter,685.0,685.0,344.0
00-0036414,342,4,104,6,Cam Akers,RB,SEA,4.3,21.8,91.6,-71.0,92.8,2026,3.23,8.3,0.0,0.0,,999.0,999.0,657.0
00-0036422,343,4,59,4,Adam Trautman,TE,DEN,9.1,34.8,92.3,-71.1,118.5,2026,3.17,12.2,0.0,1.0,Illness,675.0,675.0,332.0
00-0038547,344,4,60,4,Luke Schoonmaker,TE,DAL,9.5,34.5,94.7,-71.4,118.5,2026,3.26,12.8,0.0,0.0,,669.0,669.0,325.0
00-0034681,345,5,105,6,Chase Edmonds,RB,WAS,3.1,20.5,70.4,-72.3,92.8,2026,2.05,8.7,0.0,0.0,,253.0,253.0,-92.0
00-0040131,346,5,83,3,Kyle Williams,WR,NE,6.5,64.2,125.8,-72.3,136.5,2026,5.18,13.0,0.0,0.0,,195.0,195.0,-151.0
00-0040669,347,5,84,3,Isaac TeSlaa,WR,DET,9.0,64.1,129.9,-72.4,136.5,2026,5.69,12.5,0.0,4.0,Oblique,184.0,184.0,-163.0
00-0040729,348,5,85,3,Jack Bech,WR,LV,5.9,64.0,133.4,-72.5,136.5,2026,5.52,12.8,0.0,2.0,Back,208.0,208.0,-140.0
00-0037015,349,5,61,4,Sal Cannella,TE,CLE,21.6,32.4,50.6,-73.2,118.5,2026,3.04,8.7,0.0,0.0,,999.0,999.0,650.0
00-0038720,350,5,62,4,Julian Hill,TE,MIA,5.9,32.2,92.3,-73.4,118.5,2026,3.01,11.6,2.0,5.0,Ankle,639.0,639.0,289.0
00-0039530,351,5,63,4,Brevyn Spann-Ford,TE,DAL,15.7,31.8,86.6,-73.7,118.5,2026,2.85,10.7,0.0,1.0,Ankle,660.0,660.0,309.0
00-0037004,352,5,64,4,Hunter Long,TE,JAX,7.7,31.6,82.2,-73.9,118.5,2026,3.18,9.8,3.0,5.0,Hip,488.0,488.0,136.0
00-0039359,353,5,64,4,Cade Stover,TE,HOU,7.3,31.6,84.3,-73.9,118.5,2026,3.65,10.9,0.0,2.0,Foot,508.0,508.0,155.0
00-0033307,354,5,86,3,Kendrick Bourne,WR,SF,12.5,62.5,116.9,-74.0,136.5,2026,4.6,10.9,0.0,1.0,Rib,673.0,673.0,319.0
00-0037304,355,5,106,6,Connor Heyward,RB,PIT,3.3,18.7,73.7,-74.1,92.8,2026,2.24,10.4,0.0,1.0,Knee,612.0,612.0,257.0
00-0037329,356,5,107,6,Brittain Brown,RB,CHI,2.6,18.5,85.5,-74.3,92.8,2026,3.9,7.4,0.0,0.0,,331.0,331.0,-25.0
00-0036727,357,5,108,6,Adam Prentice,RB,DEN,3.4,18.4,71.1,-74.4,92.8,2026,2.0,10.0,0.0,0.0,,,,
00-0037614,358,5,87,3,John Metchie III,WR,NYJ,12.9,61.7,144.4,-74.8,136.5,2026,5.44,13.1,0.0,0.0,,697.0,697.0,339.0
00-0039912,359,5,66,4,Ben Sinnott,TE,WAS,5.0,30.4,85.2,-74.9,118.5,2026,3.1,10.8,1.0,2.0,Ankle,672.0,672.0,313.0
00-0037755,360,5,67,4,Jelani Woods,TE,NYJ,12.8,30.3,66.5,-75.0,118.5,2026,4.16,8.1,1.0,1.0,Hamstring,243.0,243.0,-117.0
00-0040138,361,5,88,3,Jaylin Noel,WR,HOU,8.0,61.2,124.3,-75.3,136.5,2026,5.03,15.5,0.0,0.0,,190.0,190.0,-171.0
00-0033357,362,5,68,4,Taysom Hill,TE,NO,6.4,29.9,79.4,-75.3,118.5,2026,3.14,11.0,0.0,2.0,Knee,321.0,321.0,-41.0
00-0036360,363,5,109,6,Clyde Edwards-Helaire,RB,KC,2.3,17.2,76.0,-75.6,92.8,2026,2.46,8.1,0.0,0.0,,496.0,496.0,133.0
00-0036754,364,5,69,5,Brock Wright,TE,DET,7.4,29.6,78.9,-75.6,118.5,2026,2.87,10.5,2.0,4.0,Neck,691.0,691.0,327.0
00-0039407,365,5,110,6,Dylan Laube,RB,LV,7.2,17.0,54.5,-75.8,92.8,2026,1.17,10.8,0.0,2.0,Foot,607.0,607.0,242.0
00-0035500,366,5,89,3,Greg Dortch,WR,ARI,12.9,60.3,127.8,-76.2,136.5,2026,4.47,11.5,1.0,2.0,Chest,585.0,585.0,219.0
00-0038783,367,5,70,5,Nate Adkins,TE,DEN,6.4,28.8,75.2,-76.2,118.5,2026,3.2,10.0,8.0,13.0,Knee,628.0,628.0,261.0
00-0039266,368,5,111,6,Kendall Milton,RB,CIN,0.8,16.4,78.8,-76.4,92.8,2026,2.13,7.3,0.0,0.0,,657.0,657.0,289.0
00-0038589,369,5,71,5,Josh Whyle,TE,GB,5.8,28.5,91.3,-76.5,118.5,2026,3.07,9.5,1.0,2.0,Concussion,685.0,685.0,316.0
00-0034270,370,5,72,5,Tyler Conklin,TE,LAC,9.7,28.4,87.3,-76.6,118.5,2026,3.66,8.5,0.0,0.0,,645.0,645.0,275.0
00-0037258,371,5,112,6,Dameon Pierce,RB,KC,3.1,16.2,79.1,-76.6,92.8,2026,2.71,8.2,0.0,1.0,Not injury related - personal matter,666.0,666.0,295.0
00-0038409,372,5,113,6,Lew Nichols III,RB,PIT,0.8,16.0,73.5,-76.8,92.8,2026,2.25,7.1,0.0,0.0,,665.0,665.0,293.0
00-0035535,373,5,90,3,Darius Slayton,WR,NYG,14.9,59.6,148.3,-76.9,136.5,2026,6.07,12.1,3.0,9.0,Hamstring,541.0,541.0,168.0
00-0040164,374,5,90,4,Jaylin Lane,WR,WAS,6.9,59.6,127.6,-76.9,136.5,2026,4.97,13.7,0.0,2.0,Ankle,691.0,691.0,317.0
00-0040476,375,5,114,6,Ulysses Bentley IV,RB,IND,0.8,15.8,76.9,-77.0,92.8,2026,2.06,7.0,0.0,0.0,,644.0,644.0,269.0
00-0040067,376,5,115,7,Jacardia Wright,RB,SEA,0.8,15.5,76.9,-77.3,92.8,2026,2.16,7.0,0.0,0.0,,599.0,599.0,223.0
00-0033246,377,5,73,5,Johnny Mundt,TE,JAX,4.8,27.6,70.7,-77.3,118.5,2026,2.88,11.0,0.0,0.0,,644.0,644.0,267.0
00-0035631,378,5,74,5,Drew Sample,TE,CIN,3.9,27.5,88.0,-77.4,118.5,2026,2.99,10.8,0.0,2.0,Ankle,454.0,454.0,76.0
00-0040039,379,5,116,7,Amar Johnson,RB,LAC,0.8,15.0,89.7,-77.8,92.8,2026,1.94,7.3,0.0,0.0,,454.0,454.0,75.0
00-0040021,380,5,116,7,Phil Mafah,RB,DAL,0.8,15.0,83.7,-77.8,92.8,2026,2.1,7.3,1.0,3.0,Shoulder,665.0,665.0,285.0
00-0035567,381,5,116,7,Craig Reynolds,RB,DET,3.6,15.0,56.5,-77.8,92.8,2026,1.43,8.5,1.0,2.0,Hamstring,512.0,512.0,131.0
00-0037837,382,5,92,4,Calvin Austin III,WR,PIT,10.7,58.6,133.0,-77.9,136.5,2026,4.55,12.7,2.0,6.0,Hamstring,698.0,698.0,316.0
00-0037306,383,5,75,5,John FitzPatrick,TE,GB,4.2,26.8,70.2,-77.9,118.5,2026,2.87,10.5,0.0,1.0,Groin,,,
00-0034959,384,5,119,7,Andrew Beck,RB,NYJ,2.2,14.8,44.8,-78.0,92.8,2026,1.37,9.8,0.0,0.0,,614.0,614.0,230.0
00-0039603,385,5,120,7,British Brooks,RB,HOU,2.7,14.7,58.3,-78.1,92.8,2026,1.47,8.8,0.0,0.0,,383.0,383.0,-2.0
00-0039364,386,5,120,7,Sione Vaki,RB,DET,2.7,14.7,61.0,-78.1,92.8,2026,1.27,8.9,5.0,14.0,Groin,527.0,527.0,141.0
00-0040556,387,5,120,7,Corey Kiner,RB,ARI,1.0,14.7,88.3,-78.1,92.8,2026,2.46,7.2,0.0,0.0,,487.0,487.0,100.0
00-0037617,388,5,123,7,Hassan Haskins,RB,LAC,3.0,14.4,76.7,-78.4,92.8,2026,1.87,9.5,2.0,5.0,Hamstring,999.0,999.0,611.0
00-0032918,389,5,124,7,C.J. Ham,RB,MIN,1.6,14.3,49.3,-78.5,92.8,2026,1.11,9.6,2.0,4.0,Hand,,,
00-0035291,390,5,124,7,Trayveon Williams,RB,CLE,2.0,14.3,60.6,-78.5,92.8,2026,1.89,9.0,0.0,0.0,,663.0,663.0,273.0
00-0039299,391,5,126,7,George Holani,RB,SEA,4.0,14.2,86.7,-78.6,92.8,2026,2.7,9.3,1.0,1.0,Hamstring,485.0,485.0,94.0
00-0038046,392,5,76,5,Charlie Kolar,TE,BAL,9.1,25.9,84.7,-78.7,118.5,2026,2.75,10.1,0.0,1.0,Nose,661.0,661.0,269.0
00-0035125,393,5,127,7,Alec Ingold,RB,MIA,2.5,13.9,36.4,-78.9,92.8,2026,1.45,9.6,0.0,5.0,Neck,,,
00-0036425,394,5,128,7,DeeJay Dallas,RB,JAX,2.3,13.8,67.7,-79.0,92.8,2026,1.97,8.3,0.0,0.0,,677.0,677.0,283.0
00-0033217,395,5,77,5,Mo Alie-Cox,TE,IND,6.8,25.5,74.0,-79.0,118.5,2026,2.85,10.3,0.0,0.0,,528.0,528.0,133.0
00-0034159,396,5,78,5,Will Dissly,TE,LAC,3.7,25.4,67.5,-79.1,118.5,2026,2.59,10.0,2.0,5.0,Knee,397.0,397.0,1.0
00-0036628,397,5,79,5,John Bates,TE,WAS,2.9,25.2,72.1,-79.3,118.5,2026,3.0,10.7,2.0,7.0,Calf,620.0,620.0,223.0
00-0039146,398,5,93,4,Jayden Reed,WR,GB,8.5,57.0,151.7,-79.5,136.5,2026,6.11,10.7,3.0,9.0,Foot,102.0,102.0,-296.0
00-0034367,399,5,129,7,Nyheim Hines,RB,NO,3.3,13.2,49.8,-79.6,92.8,2026,1.71,8.8,0.0,0.0,,,,
00-0037348,400,5,80,5,Tanner Conner,TE,MIA,4.6,24.1,79.9,-80.2,118.5,2026,2.88,9.6,0.0,0.0,,681.0,681.0,281.0
00-0038979,401,5,94,4,Cedric Tillman,WR,CLE,8.2,56.3,123.8,-80.2,136.5,2026,4.86,11.9,0.0,5.0,Concussion,667.0,667.0,266.0
00-0035628,402,5,130,7,D'Ernest Johnson,RB,NE,1.9,12.5,54.7,-80.3,92.8,2026,1.55,8.5,0.0,0.0,,455.0,455.0,53.0
00-0036988,403,5,95,4,Josh Palmer,WR,BUF,9.3,56.0,134.0,-80.5,136.5,2026,4.75,12.1,2.0,8.0,Knee,624.0,624.0,221.0
00-0040142,404,5,131,7,Kaleb Johnson,RB,PIT,2.1,12.3,110.2,-80.5,92.8,2026,2.57,8.6,0.0,0.0,,173.0,173.0,-231.0
00-0040586,405,5,132,7,Jaydon Blue,RB,DAL,1.2,12.2,110.1,-80.6,92.8,2026,3.23,7.6,0.0,0.0,,189.0,189.0,-216.0
00-0039737,406,5,81,5,Tip Reiman,TE,ARI,3.8,23.5,67.9,-80.8,118.5,2026,2.89,9.1,1.0,2.0,Foot,,,
00-0034981,407,5,81,5,Foster Moreau,TE,NO,3.9,23.4,65.9,-80.8,118.5,2026,2.39,9.0,0.0,2.0,Knee,638.0,638.0,231.0
00-0036887,408,5,83,5,Luke Farrell,TE,SF,7.6,23.3,77.4,-80.9,118.5,2026,2.88,10.0,0.0,0.0,,491.0,491.0,83.0
00-0038896,409,5,133,7,Jacob Saylors,RB,DET,2.6,11.9,45.2,-80.9,92.8,2026,1.07,8.8,1.0,4.0,Back,489.0,489.0,80.0
00-0034837,410,5,96,4,Calvin Ridley,WR,TEN,13.9,55.5,142.0,-81.0,136.5,2026,6.66,8.9,3.0,5.0,Hamstring,180.0,180.0,-230.0
00-0040208,411,5,134,8,Tahj Brooks,RB,CIN,2.3,11.6,79.5,-81.2,92.8,2026,1.56,8.6,1.0,2.0,Concussion,687.0,687.0,276.0
00-0037557,412,5,135,8,Ronnie Rivers,RB,LA,2.6,11.4,71.6,-81.4,92.8,2026,2.23,8.2,0.0,0.0,,406.0,406.0,-6.0
00-0035594,413,5,135,8,Travis Homer,RB,CHI,2.6,11.4,54.8,-81.4,92.8,2026,1.09,9.0,2.0,7.0,Ankle,695.0,695.0,282.0
00-0037666,414,5,97,4,Jalen Tolbert,WR,DAL,9.6,55.0,129.9,-81.5,136.5,2026,5.08,12.2,0.0,0.0,,617.0,617.0,203.0
00-0036842,415,5,137,8,Kene Nwangwu,RB,NYJ,2.1,11.2,50.4,-81.6,92.8,2026,1.33,8.9,5.0,9.0,Hamstring,696.0,696.0,281.0
00-0039021,416,5,138,8,Roschon Johnson,RB,CHI,2.2,11.1,56.8,-81.7,92.8,2026,1.83,8.6,3.0,6.0,Back,671.0,671.0,255.0
00-0035311,417,5,139,8,Myles Gaskin,RB,SEA,2.3,11.0,51.7,-81.8,92.8,2026,1.85,8.5,0.0,0.0,,575.0,575.0,158.0
00-0037120,418,5,140,8,Tyler Goodson,RB,IND,2.2,10.8,47.3,-82.0,92.8,2026,1.48,9.3,3.0,8.0,Groin,480.0,480.0,62.0
00-0036309,419,5,98,4,Darnell Mooney,WR,ATL,12.4,54.5,154.6,-82.0,136.5,2026,4.96,13.0,1.0,9.0,Hamstring,194.0,194.0,-225.0
00-0036550,420,5,99,4,Rashod Bateman,WR,BAL,9.5,54.4,125.3,-82.1,136.5,2026,4.69,12.0,2.0,8.0,Ankle,203.0,203.0,-217.0
00-0037276,421,5,141,8,Ty Chandler,RB,MIN,1.3,10.5,51.8,-82.3,92.8,2026,1.54,7.9,1.0,5.0,Knee,648.0,648.0,227.0
00-0037475,422,5,84,5,Stone Smartt,TE,NYJ,2.6,21.7,68.5,-82.3,118.5,2026,2.57,8.9,1.0,3.0,Quadricep,,,
00-0035726,423,5,141,8,Jakob Johnson,RB,HOU,1.7,10.5,36.7,-82.3,92.8,2026,0.94,8.3,2.0,4.0,Hamstring,,,
00-0036187,424,5,143,8,Reggie Gilliam,RB,BUF,2.0,10.4,47.2,-82.4,92.8,2026,0.98,9.2,0.0,3.0,Knee,625.0,625.0,201.0
00-0035208,425,5,100,4,Olamide Zaccheaus,WR,CHI,12.6,54.0,150.8,-82.5,136.5,2026,4.65,12.4,0.0,4.0,Illness,698.0,698.0,273.0
00-0038040,426,5,144,8,Zamir White,RB,LV,1.9,10.2,60.3,-82.6,92.8,2026,1.92,8.3,0.0,1.0,Illness,632.0,632.0,206.0
00-0033376,427,5,145,8,Patrick Ricard,RB,BAL,2.4,9.9,32.6,-82.9,92.8,2026,0.83,8.5,6.0,8.0,Calf,,,
00-0040649,428,5,146,8,Robbie Ouzts,RB,SEA,0.9,9.7,60.9,-83.1,92.8,2026,1.55,7.6,0.0,4.0,Elbow,611.0,611.0,183.0
00-0034365,429,5,85,5,Ian Thomas,TE,LV,2.2,20.6,68.7,-83.2,118.5,2026,2.4,9.4,0.0,2.0,Calf,311.0,311.0,-118.0
00-0036569,430,5,147,8,Gary Brightwell,RB,CIN,2.0,9.5,42.7,-83.3,92.8,2026,1.25,8.1,0.0,0.0,,559.0,559.0,129.0
00-0040429,431,6,148,8,Josh Williams,RB,TB,0.8,9.4,63.0,-83.4,92.8,2026,1.78,6.9,2.0,3.0,Concussion,655.0,655.0,224.0
00-0039451,432,6,101,4,Isaiah Williams,WR,NYJ,5.6,52.9,127.3,-83.6,136.5,2026,4.54,12.9,0.0,0.0,,650.0,650.0,218.0
00-0040179,433,6,149,8,DJ Giddens,RB,IND,1.3,9.1,109.2,-83.7,92.8,2026,2.93,7.3,0.0,0.0,,503.0,503.0,70.0
00-0038488,434,6,150,8,Brady Russell,RB,SEA,2.0,8.9,57.3,-83.9,92.8,2026,1.06,9.2,0.0,1.0,Wrist,541.0,541.0,107.0
00-0039363,435,6,150,8,Isaac Guerendo,RB,SF,1.4,8.9,54.8,-83.9,92.8,2026,1.44,8.1,0.0,1.0,Shoulder,678.0,678.0,243.0
00-0038458,436,6,150,8,Owen Wright,RB,TB,0.8,8.9,50.9,-83.9,92.8,2026,1.68,7.1,0.0,0.0,,700.0,700.0,264.0
00-0040205,437,6,153,8,Kalel Mullings,RB,TEN,1.4,8.6,57.9,-84.2,92.8,2026,1.4,7.4,1.0,6.0,Ankle,690.0,690.0,253.0
00-0037282,438,6,86,6,James Mitchell,TE,CAR,3.0,19.2,64.2,-84.4,118.5,2026,2.35,8.6,0.0,0.0,,999.0,999.0,561.0
00-0037539,439,6,87,6,Lucas Krull,TE,DEN,3.8,19.1,51.8,-84.5,118.5,2026,2.43,8.7,1.0,1.0,Foot,,,
00-0037801,440,6,102,4,KaVontae Turpin,WR,DAL,11.6,51.9,123.0,-84.6,136.5,2026,4.3,12.5,2.0,8.0,Foot,477.0,477.0,37.0
00-0034775,441,6,102,4,Christian Kirk,WR,HOU,11.1,51.9,129.3,-84.6,136.5,2026,4.78,10.9,4.0,7.0,Hamstring,210.0,210.0,-231.0
00-0038397,442,6,154,8,Evan Hull,RB,NO,1.4,8.0,61.0,-84.8,92.8,2026,1.65,8.2,0.0,0.0,,686.0,686.0,244.0
00-0036626,443,6,104,4,Dyami Brown,WR,JAX,9.3,51.7,127.2,-84.8,136.5,2026,4.79,11.0,0.0,6.0,Shoulder,473.0,473.0,30.0
00-0036232,444,6,88,6,Harrison Bryant,TE,HOU,3.2,18.5,50.1,-85.0,118.5,2026,2.26,8.5,1.0,4.0,Neck,,,
00-0038498,445,6,89,6,E.J. Jenkins,TE,PHI,10.7,18.3,43.9,-85.2,118.5,2026,1.51,6.8,0.0,0.0,,313.0,313.0,-132.0
00-0037086,446,6,90,6,Grant Calcaterra,TE,PHI,2.9,17.9,57.8,-85.5,118.5,2026,2.38,8.5,2.0,4.0,Oblique,668.0,668.0,222.0
00-0038679,447,6,105,4,Tyrell Shavers,WR,BUF,5.8,50.8,120.1,-85.7,136.5,2026,4.73,12.0,0.0,0.0,,371.0,371.0,-76.0
00-0037277,448,6,91,6,Teagan Quitoriano,TE,ATL,4.4,17.6,56.7,-85.8,118.5,2026,1.99,7.9,0.0,1.0,Hamstring,612.0,612.0,164.0
00-0038396,449,6,155,8,Eric Gray,RB,NYG,1.5,6.7,40.2,-86.1,92.8,2026,1.52,8.0,0.0,1.0,Knee,658.0,658.0,209.0
00-0033455,450,6,92,6,Anthony Firkser,TE,DET,2.6,17.1,60.4,-86.2,118.5,2026,2.17,8.5,0.0,0.0,,,,
00-0036429,451,6,92,6,Charlie Woerner,TE,ATL,2.4,17.1,60.2,-86.2,118.5,2026,2.48,8.9,0.0,5.0,Not injury related - resting player,612.0,612.0,161.0
00-0034796,452,6,25,3,Lamar Jackson,QB,BAL,74.7,220.1,445.2,-86.4,343.5,2026,24.28,9.7,3.0,12.0,Hamstring,10.0,10.0,-442.0
00-0040363,453,6,94,6,Keleki Latu,TE,BUF,3.6,16.7,39.6,-86.5,118.5,2026,2.38,8.3,0.0,0.0,,676.0,676.0,223.0
00-0036534,454,6,94,6,Shane Zylstra,TE,DET,6.2,16.7,67.9,-86.5,118.5,2026,2.33,7.6,1.0,2.0,Knee,999.0,999.0,545.0
00-0040488,455,6,96,6,Carter Runyon,TE,LV,2.9,16.6,38.3,-86.6,118.5,2026,2.25,8.2,0.0,0.0,,365.0,365.0,-90.0
00-0040058,456,6,96,6,Nick Kallerup,TE,SEA,3.4,16.6,39.8,-86.6,118.5,2026,2.18,8.5,0.0,0.0,,398.0,398.0,-58.0
00-0036984,457,6,156,8,Trey Sermon,RB,PIT,1.8,6.0,36.2,-86.8,92.8,2026,1.27,8.2,0.0,0.0,,649.0,649.0,192.0
00-0036590,458,6,98,6,Quintin Morris,TE,JAX,2.5,16.3,69.6,-86.9,118.5,2026,2.4,8.8,2.0,4.0,Groin,249.0,249.0,-209.0
00-0036442,459,6,26,3,Joe Burrow,QB,CIN,46.4,219.2,457.8,-87.0,343.5,2026,25.67,9.8,2.0,4.0,Toe,15.0,15.0,-444.0
00-0036423,460,6,99,6,Albert Okwuegbunam,TE,LV,6.8,16.0,50.0,-87.1,118.5,2026,2.39,8.1,0.0,0.0,,546.0,546.0,86.0
00-0032385,461,6,106,4,Sterling Shepard,WR,TB,12.4,49.1,104.7,-87.4,136.5,2026,4.3,10.8,0.0,3.0,Shoulder,507.0,507.0,46.0
00-0037741,462,6,106,4,Jahan Dotson,WR,PHI,6.1,49.1,118.5,-87.4,136.5,2026,4.65,12.7,0.0,1.0,Toe,508.0,508.0,46.0
00-0036415,463,6,108,4,Van Jefferson,WR,TEN,10.6,49.0,126.6,-87.5,136.5,2026,4.27,11.9,1.0,4.0,Forearm,592.0,592.0,129.0
00-0040509,464,6,100,6,Ben Yurosek,TE,MIN,3.8,15.5,44.9,-87.6,118.5,2026,2.15,8.8,1.0,2.0,Knee,999.0,999.0,535.0
00-0036950,465,6,157,8,Avery Williams,RB,NYJ,0.9,4.8,38.4,-88.0,92.8,2026,0.96,7.9,0.0,0.0,,648.0,648.0,183.0
00-0040628,466,6,101,6,Drake Dabney,TE,GB,3.3,14.1,36.7,-88.7,118.5,2026,2.39,6.7,0.0,0.0,,409.0,409.0,-57.0
00-0040225,467,6,101,7,Thomas Fidone II,TE,NYG,3.3,14.1,36.7,-88.7,118.5,2026,2.36,6.7,1.0,3.0,Foot,365.0,365.0,-102.0
00-0040244,468,6,101,6,Moliki Matavao,TE,NO,3.3,14.1,36.7,-88.7,118.5,2026,2.37,6.7,0.0,0.0,,999.0,999.0,531.0
00-0036876,469,6,104,7,Kylen Granson,TE,PHI,10.4,13.5,62.4,-89.2,118.5,2026,2.4,9.1,0.0,1.0,Abdomen,505.0,505.0,36.0
00-0033757,470,6,104,7,Robert Tonyan,TE,KC,2.9,13.5,37.5,-89.2,118.5,2026,1.79,7.6,0.0,0.0,,445.0,445.0,-25.0
00-0039631,471,6,104,7,Cam Grandy,TE,CIN,3.0,13.6,52.3,-89.2,118.5,2026,2.03,8.5,1.0,2.0,Chest,600.0,600.0,129.0
00-0039424,472,6,109,4,Devaughn Vele,WR,NO,9.3,47.2,129.0,-89.3,136.5,2026,4.46,11.4,0.0,3.0,Hip,209.0,209.0,-263.0
00-0037292,473,6,107,7,Andrew Ogletree,TE,IND,9.4,13.3,64.0,-89.4,118.5,2026,2.29,8.4,1.0,1.0,Neck,427.0,427.0,-46.0
00-0040581,474,6,110,4,Dont'e Thornton Jr.,WR,LV,4.8,46.9,121.5,-89.6,136.5,2026,4.47,10.0,1.0,2.0,Concussion,677.0,677.0,203.0
00-0039648,475,6,108,7,David Martin-Robinson,TE,TEN,7.9,13.1,65.5,-89.6,118.5,2026,2.37,8.8,0.0,0.0,,,,
00-0039754,476,6,109,7,Devin Culp,TE,TB,2.8,13.0,50.9,-89.7,118.5,2026,1.92,8.4,0.0,3.0,Knee,659.0,659.0,183.0
00-0036825,477,6,110,7,Feleipe Franks,TE,ATL,9.5,12.9,46.1,-89.8,118.5,2026,2.33,8.8,0.0,4.0,Calf,351.0,351.0,-126.0
00-0036741,478,6,111,7,Jack Stoll,TE,NO,2.5,12.7,52.0,-89.9,118.5,2026,2.19,8.0,0.0,3.0,Ankle,621.0,621.0,143.0
00-0031484,479,6,112,7,Chris Manhertz,TE,NYG,3.0,12.4,30.1,-90.2,118.5,2026,1.84,7.1,0.0,1.0,Illness,625.0,625.0,146.0
00-0039686,480,6,113,7,Colson Yankoff,TE,WAS,7.6,12.3,46.4,-90.3,118.5,2026,2.38,8.5,3.0,8.0,Hamstring,678.0,678.0,198.0
00-0038564,481,6,113,7,Cameron Latu,TE,PHI,8.8,12.3,46.9,-90.3,118.5,2026,2.33,8.8,0.0,2.0,Neck,667.0,667.0,186.0
00-0038809,482,6,115,7,Ben Sims,TE,MIN,2.8,12.1,49.3,-90.4,118.5,2026,1.87,8.3,0.0,0.0,,468.0,468.0,-14.0
00-0033576,483,6,115,7,Eric Saubert,TE,SEA,4.0,12.1,43.3,-90.4,118.5,2026,1.8,7.5,1.0,2.0,Calf,461.0,461.0,-22.0
00-0039355,484,6,111,4,Luke McCaffrey,WR,WAS,6.0,46.0,111.5,-90.5,136.5,2026,4.14,12.2,0.0,0.0,,620.0,620.0,136.0
00-0039824,485,6,117,7,Jared Wiley,TE,KC,3.0,11.8,40.2,-90.7,118.5,2026,1.93,8.1,0.0,1.0,Knee,435.0,435.0,-50.0
00-0039050,486,6,117,7,Payne Durham,TE,TB,2.3,11.8,50.3,-90.7,118.5,2026,2.16,7.4,0.0,0.0,,564.0,564.0,78.0
00-0039305,487,6,119,7,Jack Westover,TE,NE,2.8,11.4,37.8,-91.0,118.5,2026,1.8,8.4,0.0,3.0,Ankle,626.0,626.0,139.0
00-0039458,488,6,120,8,Brenden Bates,TE,CLE,2.3,11.3,50.1,-91.1,118.5,2026,1.79,8.0,2.0,7.0,Ankle,999.0,999.0,511.0
00-0040648,489,6,112,4,Tory Horton,WR,SEA,11.6,45.4,119.9,-91.1,136.5,2026,5.25,10.3,2.0,5.0,Groin,199.0,199.0,-290.0
00-0035956,490,6,121,8,Giovanni Ricci,TE,DET,2.2,11.2,40.1,-91.2,118.5,2026,1.85,7.9,0.0,0.0,,,,
00-0038590,491,6,121,8,Justin Shorter,TE,LV,2.8,11.2,37.3,-91.2,118.5,2026,1.77,8.6,0.0,3.0,Illness,696.0,696.0,205.0
00-0037311,492,6,123,8,Ko Kieft,TE,TB,2.3,11.1,41.2,-91.3,118.5,2026,1.83,8.3,0.0,1.0,Head,641.0,641.0,149.0
00-0032211,493,6,113,4,Tyler Lockett,WR,LV,11.4,45.1,97.4,-91.4,136.5,2026,4.02,13.6,0.0,7.0,Knee,131.0,131.0,-362.0
00-0038643,494,6,124,8,Brayden Willis,TE,SF,3.4,10.9,43.6,-91.5,118.5,2026,1.75,8.2,0.0,0.0,,683.0,683.0,189.0
00-0037654,495,6,125,8,Tucker Fisk,TE,LAC,2.3,10.7,44.2,-91.6,118.5,2026,1.83,7.6,1.0,2.0,Ankle,532.0,532.0,37.0
00-0038710,496,6,126,8,Blake Whiteheart,TE,CLE,2.4,10.4,45.1,-91.9,118.5,2026,1.97,8.3,0.0,3.0,Shoulder,618.0,618.0,122.0
00-0036332,497,6,127,8,Josiah Deguara,TE,ARI,2.8,10.3,39.4,-92.0,118.5,2026,1.65,7.7,0.0,0.0,,999.0,999.0,502.0
00-0034073,498,6,128,8,Ross Dwelley,TE,DET,2.5,10.0,32.3,-92.2,118.5,2026,1.63,7.3,0.0,0.0,,567.0,567.0,69.0
00-0037031,499,6,129,8,Nikola Kalinic,TE,CHI,3.6,9.8,32.5,-92.4,118.5,2026,2.07,7.7,0.0,0.0,,518.0,518.0,19.0
00-0033439,500,6,129,8,Pharaoh Brown,TE,ARI,2.7,9.8,32.8,-92.4,118.5,2026,1.64,7.3,0.0,0.0,,242.0,242.0,-258.0
00-0038394,501,6,131,8,Will Mallory,TE,IND,2.5,9.6,39.2,-92.6,118.5,2026,1.94,8.0,1.0,1.0,Lung,681.0,681.0,180.0
00-0039489,502,6,131,8,Hayden Rucci,TE,MIA,2.9,9.5,32.9,-92.6,118.5,2026,2.08,6.6,0.0,0.0,,442.0,442.0,-60.0
00-0037340,503,6,131,8,Zaire Mitchell-Paden,TE,NO,2.1,9.5,30.0,-92.6,118.5,2026,1.86,7.7,1.0,3.0,Knee,999.0,999.0,496.0
00-0038735,504,6,134,8,Princeton Fant,TE,DAL,2.2,9.2,34.3,-92.9,118.5,2026,1.53,7.1,0.0,0.0,,277.0,277.0,-227.0
00-0039739,505,6,114,4,Roman Wilson,WR,PIT,5.1,43.6,119.9,-92.9,136.5,2026,4.28,11.8,0.0,0.0,,688.0,688.0,183.0
00-0034798,506,6,135,8,Durham Smythe,TE,CHI,2.6,9.1,33.2,-93.0,118.5,2026,1.49,6.7,0.0,1.0,Calf,663.0,663.0,157.0
00-0024243,507,6,136,8,Marcedes Lewis,TE,DEN,4.4,8.8,22.5,-93.2,118.5,2026,1.54,6.1,0.0,0.0,,620.0,620.0,113.0
00-0038456,508,6,137,8,Travis Vokolek,TE,ARI,2.6,8.3,30.4,-93.7,118.5,2026,1.96,6.6,0.0,0.0,,,,
00-0036427,509,6,115,4,Tyler Johnson,WR,NYJ,5.9,42.7,110.0,-93.8,136.5,2026,4.12,10.6,0.0,0.0,,538.0,538.0,29.0
00-0035359,510,6,116,4,David Sills,WR,ATL,8.8,41.8,112.4,-94.7,136.5,2026,3.67,10.4,0.0,0.0,,405.0,405.0,-105.0
00-0040311,511,6,117,4,Theo Wease Jr.,WR,MIA,11.5,41.6,109.7,-94.9,136.5,2026,3.8,10.1,0.0,0.0,,666.0,666.0,155.0
00-0033857,512,6,118,4,JuJu Smith-Schuster,WR,KC,9.5,39.9,99.0,-96.6,136.5,2026,2.77,12.9,0.0,4.0,Knee,398.0,398.0,-114.0
00-0032775,513,6,119,5,Demarcus Robinson,WR,SF,7.2,39.8,90.1,-96.7,136.5,2026,3.58,11.2,0.0,0.0,,679.0,679.0,166.0
00-0033375,514,6,119,4,Tim Patrick,WR,JAX,4.8,39.8,83.8,-96.7,136.5,2026,3.48,11.6,1.0,3.0,Groin,573.0,573.0,59.0
00-0038359,515,6,119,4,Xavier Smith,WR,LA,4.5,39.8,110.7,-96.7,136.5,2026,3.83,13.9,0.0,3.0,Concussion,551.0,551.0,36.0
00-0032464,516,6,122,5,Kalif Raymond,WR,DET,5.4,38.6,89.7,-97.9,136.5,2026,3.53,12.3,2.0,6.0,Ankle,645.0,645.0,129.0
00-0030564,517,7,123,5,DeAndre Hopkins,WR,BAL,9.6,38.4,87.3,-98.1,136.5,2026,3.17,12.5,0.0,3.0,Not injury related - resting player,319.0,319.0,-198.0
00-0039751,518,7,124,5,Jordan Whittington,WR,LA,4.8,37.9,98.0,-98.6,136.5,2026,3.9,11.2,0.0,3.0,Back,648.0,648.0,130.0
00-0040743,519,7,27,3,Tyler Shough,QB,NO,58.4,201.4,450.8,-99.5,343.5,2026,23.9,9.4,0.0,3.0,Hip,86.0,86.0,-433.0
00-0036849,520,7,125,5,Tutu Atwell,WR,LA,5.0,36.0,116.6,-100.5,136.5,2026,3.7,10.4,0.0,5.0,Hamstring,691.0,691.0,171.0
00-0040590,521,7,126,5,Konata Mumpfield,WR,LA,5.3,35.8,109.0,-100.7,136.5,2026,4.35,10.2,0.0,1.0,Calf,678.0,678.0,157.0
00-0040522,522,7,127,5,Xavier Restrepo,WR,TEN,6.2,34.2,116.8,-102.3,136.5,2026,3.47,7.7,0.0,0.0,,633.0,633.0,111.0
00-0040259,523,7,127,5,Gage Larvadain,WR,CLE,4.7,34.2,89.8,-102.3,136.5,2026,3.05,10.9,0.0,1.0,Concussion,527.0,527.0,4.0
00-0032398,524,7,129,5,Chris Moore,WR,WAS,4.9,33.5,88.2,-103.0,136.5,2026,3.7,9.1,0.0,1.0,Illness,999.0,999.0,475.0
00-0033891,525,7,130,5,Zay Jones,WR,ARI,5.1,33.0,98.7,-103.5,136.5,2026,3.92,8.2,1.0,6.0,Concussion,643.0,643.0,118.0
00-0040154,526,7,131,5,Tai Felton,WR,MIN,3.4,32.7,75.2,-103.8,136.5,2026,2.16,10.9,0.0,0.0,,693.0,693.0,167.0
00-0026158,527,7,28,3,Joe Flacco,QB,CIN,86.3,194.7,431.9,-104.2,343.5,2026,24.75,8.9,0.0,4.0,Shoulder,493.0,493.0,-34.0
00-0035406,528,7,132,5,Lil'Jordan Humphrey,WR,DEN,4.8,31.8,108.4,-104.7,136.5,2026,3.79,9.9,0.0,0.0,,630.0,630.0,102.0
00-0036980,529,7,133,5,Elijah Moore,WR,BUF,4.9,31.4,112.1,-105.1,136.5,2026,3.74,10.1,0.0,1.0,Not injury related - personal matter,357.0,357.0,-172.0
00-0038839,530,7,134,5,Mitchell Tinsley,WR,CIN,4.6,31.1,110.9,-105.4,136.5,2026,3.95,9.5,0.0,0.0,,608.0,608.0,78.0
00-0031236,531,7,135,5,Brandin Cooks,WR,BUF,6.9,30.0,71.8,-106.5,136.5,2026,3.3,9.0,1.0,1.0,Not injury related - personal matter,151.0,151.0,-380.0
00-0037231,532,7,136,5,Kevin Austin Jr.,WR,NO,4.7,29.7,119.0,-106.8,136.5,2026,3.92,10.4,0.0,0.0,,999.0,999.0,467.0
00-0039917,533,7,29,3,Michael Penix Jr.,QB,ATL,31.1,190.6,460.8,-107.0,343.5,2026,23.44,9.9,0.0,3.0,Knee,228.0,228.0,-305.0
00-0030035,534,7,137,5,Adam Thielen,WR,PIT,4.9,29.0,60.5,-107.5,136.5,2026,2.69,8.4,0.0,0.0,,163.0,163.0,-371.0
00-0036165,535,7,138,5,Isaiah Hodgins,WR,NYG,3.8,28.7,110.5,-107.8,136.5,2026,3.95,10.3,0.0,0.0,,,,
00-0040218,536,7,139,5,Jimmy Horn Jr.,WR,CAR,4.8,28.5,96.3,-108.0,136.5,2026,3.42,10.3,0.0,2.0,Not injury related - personal matter,663.0,663.0,127.0
00-0037742,537,7,140,5,Treylon Burks,WR,WAS,4.4,28.1,115.3,-108.4,136.5,2026,3.92,9.6,1.0,3.0,Finger,679.0,679.0,142.0
00-0040009,538,7,140,5,Savion Williams,WR,GB,4.4,28.1,85.1,-108.4,136.5,2026,2.48,9.9,3.0,11.0,Foot,679.0,679.0,141.0
00-0039589,539,7,142,5,Kameron Johnson,WR,TB,3.9,27.5,78.1,-109.0,136.5,2026,1.41,14.1,0.0,1.0,Knee,652.0,652.0,113.0
00-0037524,540,7,143,5,Tay Martin,WR,WAS,3.7,26.7,75.7,-109.8,136.5,2026,2.99,8.8,0.0,0.0,,534.0,534.0,-6.0
00-0034407,541,7,144,5,Ray-Ray McCloud,WR,NYG,4.9,26.4,100.8,-110.1,136.5,2026,3.18,9.0,1.0,2.0,Not injury related - other,676.0,676.0,135.0
00-0039920,542,7,144,5,Malachi Corley,WR,CLE,4.6,26.4,84.2,-110.1,136.5,2026,2.9,9.7,0.0,2.0,Concussion,242.0,242.0,-300.0
00-0040646,543,7,146,5,Jalen Royals,WR,KC,3.0,26.3,83.7,-110.2,136.5,2026,3.36,7.6,2.0,4.0,Knee,686.0,686.0,143.0
00-0040582,544,7,147,5,Arian Smith,WR,NYJ,4.0,25.9,79.4,-110.6,136.5,2026,2.69,11.2,0.0,0.0,,422.0,422.0,-122.0
00-0034983,545,7,147,5,Hunter Renfrow,WR,CAR,5.4,25.9,89.3,-110.6,136.5,2026,2.39,8.4,0.0,3.0,Not injury related - personal matter,393.0,393.0,-152.0
00-0034272,546,7,147,5,Marquez Valdes-Scantling,WR,PIT,4.2,25.9,88.7,-110.6,136.5,2026,3.05,7.8,0.0,1.0,Calf,630.0,630.0,84.0
00-0040506,547,7,150,5,Myles Price,WR,MIN,3.0,25.4,68.9,-111.1,136.5,2026,2.1,14.2,1.0,2.0,Ankle,700.0,700.0,153.0
00-0040432,548,7,151,6,Beaux Collins,WR,NYG,4.3,25.3,80.1,-111.2,136.5,2026,3.46,8.4,4.0,7.0,Neck,680.0,680.0,132.0
00-0040277,549,7,152,6,Jahdae Walker,WR,CHI,4.5,25.2,86.1,-111.3,136.5,2026,3.56,9.3,2.0,4.0,Concussion,664.0,664.0,115.0
00-0040075,550,7,153,6,LaJohntay Wester,WR,BAL,3.3,25.0,68.5,-111.5,136.5,2026,1.98,12.1,0.0,0.0,,653.0,653.0,103.0
00-0039394,551,7,153,6,Casey Washington,WR,ATL,3.7,25.0,86.2,-111.5,136.5,2026,2.89,8.0,3.0,5.0,Concussion,999.0,999.0,448.0
00-0039923,552,7,30,3,J.J. McCarthy,QB,MIN,17.3,184.0,430.9,-111.6,343.5,2026,21.69,8.5,5.0,12.0,Ankle,224.0,224.0,-328.0
00-0037091,553,7,155,6,Bo Melton,WR,GB,4.7,24.8,86.0,-111.7,136.5,2026,2.96,9.9,1.0,5.0,Shoulder,654.0,654.0,101.0
00-0040241,554,7,156,6,Dominic Lovett,WR,DET,2.8,24.7,84.7,-111.8,136.5,2026,3.52,7.3,0.0,0.0,,513.0,513.0,-41.0
00-0038840,555,7,157,6,Brycen Tremayne,WR,CAR,3.6,24.1,95.0,-112.4,136.5,2026,2.76,11.5,0.0,3.0,Hip,614.0,614.0,59.0
00-0033591,556,7,158,6,Noah Brown,WR,WAS,5.0,23.9,84.0,-112.6,136.5,2026,3.3,8.3,5.0,9.0,Groin,634.0,634.0,78.0
00-0038938,557,7,159,6,Jalin Hyatt,WR,NYG,3.6,23.6,75.4,-112.9,136.5,2026,2.95,8.8,0.0,3.0,Illness,686.0,686.0,129.0
00-0040534,558,7,160,6,Ke'Shawn Williams,WR,CIN,3.0,23.5,69.6,-113.0,136.5,2026,2.2,11.1,0.0,1.0,Concussion,561.0,561.0,3.0
00-0036182,559,7,161,6,Nick Westbrook-Ikhine,WR,MIA,3.7,23.4,86.7,-113.1,136.5,2026,3.21,9.4,0.0,0.0,,687.0,687.0,128.0
00-0034521,560,7,162,6,Allen Lazard,WR,NYJ,4.2,23.0,79.8,-113.5,136.5,2026,2.88,8.2,1.0,2.0,Not injury related - personal matter,322.0,322.0,-238.0
00-0039792,561,7,163,6,Devontez Walker,WR,BAL,3.8,22.3,83.8,-114.2,136.5,2026,2.68,8.5,1.0,4.0,Oblique,650.0,650.0,89.0
00-0038891,562,7,164,6,Shedrick Jackson,WR,LV,4.1,21.9,76.5,-114.6,136.5,2026,2.83,7.9,0.0,0.0,,375.0,375.0,-187.0
00-0040024,563,7,165,6,Darius Cooper,WR,PHI,4.1,21.6,70.5,-114.9,136.5,2026,2.63,8.8,0.0,2.0,Shoulder,658.0,658.0,95.0
00-0040172,564,7,166,6,Jordan Watkins,WR,SF,4.4,21.4,111.0,-115.1,136.5,2026,4.74,8.2,4.0,7.0,Calf,999.0,999.0,435.0
00-0036212,565,7,31,4,Tua Tagovailoa,QB,MIA,51.1,178.4,407.4,-115.6,343.5,2026,23.5,8.6,0.0,4.0,Thumb,232.0,232.0,-333.0
00-0040184,566,7,167,6,KeAndre Lambert-Smith,WR,LAC,3.3,20.7,73.2,-115.8,136.5,2026,1.87,10.2,0.0,1.0,Hamstring,648.0,648.0,82.0
00-0036196,567,7,168,6,Gabe Davis,WR,BUF,3.4,20.5,84.4,-116.0,136.5,2026,2.71,8.0,0.0,0.0,,322.0,322.0,-245.0
00-0038640,568,7,169,6,Jalen Brooks,WR,ARI,3.9,20.4,75.2,-116.1,136.5,2026,2.65,8.2,0.0,0.0,,661.0,661.0,93.0
00-0039379,569,7,170,6,Jamari Thrash,WR,CLE,3.7,20.0,91.0,-116.5,136.5,2026,2.8,8.6,1.0,2.0,Foot,999.0,999.0,430.0
00-0039816,570,7,171,6,Anthony Gould,WR,IND,2.7,19.9,64.7,-116.6,136.5,2026,1.89,9.9,5.0,7.0,Foot,333.0,333.0,-237.0
00-0038465,571,7,172,6,Malik Heath,WR,GB,3.7,19.8,80.4,-116.7,136.5,2026,2.68,8.5,1.0,2.0,Not injury related - personal matter,,,
00-0038576,572,7,173,6,Charlie Jones,WR,CIN,2.7,19.7,61.7,-116.8,136.5,2026,2.29,11.1,3.0,7.0,Ankle,660.0,660.0,88.0
00-0036527,573,7,173,6,DJ Turner,WR,LV,4.5,19.7,80.3,-116.8,136.5,2026,2.28,7.5,0.0,0.0,,,,
00-0038090,574,7,175,6,Skyy Moore,WR,SF,4.4,19.3,75.2,-117.2,136.5,2026,2.06,13.9,0.0,1.0,Ankle,608.0,608.0,34.0
00-0040563,575,7,175,6,Efton Chism III,WR,NE,3.1,19.3,69.4,-117.2,136.5,2026,1.39,10.3,0.0,1.0,Knee,572.0,572.0,-3.0
00-0036841,576,7,177,6,Austin Trammell,WR,JAX,3.7,19.2,82.6,-117.3,136.5,2026,2.43,8.5,0.0,0.0,,658.0,658.0,82.0
00-0040406,577,7,178,6,Quentin Skinner,WR,NYJ,2.6,19.1,75.3,-117.4,136.5,2026,3.5,6.9,0.0,0.0,,574.0,574.0,-3.0
00-0040629,578,7,178,6,Dalevon Campbell,WR,CAR,2.6,19.1,75.3,-117.4,136.5,2026,3.5,6.9,0.0,0.0,,999.0,999.0,421.0
00-0038519,579,7,180,6,Nikko Remigio,WR,KC,2.8,18.9,60.0,-117.6,136.5,2026,1.84,11.1,1.0,5.0,Shoulder,498.0,498.0,-81.0
00-0036630,580,7,181,7,Tylan Wallace,WR,BAL,3.4,18.7,73.9,-117.8,136.5,2026,1.7,9.3,0.0,0.0,,670.0,670.0,90.0
00-0033943,581,7,182,7,Josh Reynolds,WR,NYJ,4.3,18.6,70.7,-117.9,136.5,2026,2.54,7.3,3.0,5.0,Hamstring,394.0,394.0,-187.0
00-0039884,582,7,183,7,Tahj Washington,WR,MIA,3.4,18.4,88.3,-118.1,136.5,2026,4.14,7.2,0.0,0.0,,657.0,657.0,75.0
00-0040317,583,7,183,7,Jacoby Jones,WR,WAS,2.5,18.4,74.2,-118.1,136.5,2026,3.41,6.8,0.0,0.0,,605.0,605.0,22.0
00-0038953,584,7,185,7,Dylan Drummond,WR,ATL,3.4,18.2,74.2,-118.3,136.5,2026,2.97,8.2,0.0,0.0,,251.0,251.0,-333.0
00-0040431,585,7,186,7,Dalen Cambre,WR,NYG,2.9,17.3,73.3,-119.2,136.5,2026,2.55,7.5,0.0,0.0,,687.0,687.0,102.0
00-0033282,586,7,186,7,Curtis Samuel,WR,BUF,4.3,17.3,55.5,-119.2,136.5,2026,2.0,8.3,2.0,4.0,Elbow,371.0,371.0,-215.0
00-0035298,587,7,188,7,Scott Miller,WR,PIT,3.4,17.0,62.3,-119.5,136.5,2026,2.24,7.7,3.0,4.0,Finger,549.0,549.0,-38.0
00-0040352,588,7,188,7,Coleman Owen,WR,IND,2.5,17.0,75.9,-119.5,136.5,2026,3.12,6.5,0.0,0.0,,244.0,244.0,-344.0
00-0038573,589,7,190,7,Derius Davis,WR,LAC,2.7,16.9,63.2,-119.6,136.5,2026,1.85,9.5,6.0,8.0,Ankle,615.0,615.0,26.0
00-0039650,590,7,191,7,Bryce Oliver,WR,TEN,3.3,16.5,66.7,-120.0,136.5,2026,2.4,6.7,8.0,11.0,Knee,656.0,656.0,66.0
00-0038740,591,7,192,7,Jalen Moreno-Cropper,WR,DAL,2.6,16.4,74.3,-120.1,136.5,2026,3.12,6.4,0.0,0.0,,700.0,700.0,109.0
00-0036972,592,7,32,4,Mac Jones,QB,SF,40.6,171.9,420.1,-120.1,343.5,2026,23.31,9.3,0.0,10.0,Knee,404.0,404.0,-188.0
00-0039062,593,7,193,7,Jonathan Mingo,WR,DAL,3.4,16.3,66.8,-120.2,136.5,2026,2.44,8.2,0.0,4.0,Knee,673.0,673.0,80.0
00-0034054,594,7,194,7,River Cracraft,WR,WAS,3.7,16.0,57.5,-120.5,136.5,2026,1.92,7.2,0.0,0.0,,,,
00-0035021,595,7,194,7,Ashton Dulin,WR,IND,3.1,16.0,72.8,-120.5,136.5,2026,1.52,8.7,1.0,3.0,Chest,697.0,697.0,102.0
00-0036862,596,7,194,7,Ben Skowronek,WR,PIT,3.6,16.0,77.5,-120.5,136.5,2026,1.44,12.7,0.0,8.0,Hand,655.0,655.0,59.0
00-0038496,597,7,197,7,Xavier Gipson,WR,PHI,2.6,15.9,64.0,-120.6,136.5,2026,1.75,9.6,1.0,2.0,Shoulder,247.0,247.0,-350.0
00-0036959,598,7,198,7,Michael Bandy,WR,DEN,3.1,15.8,67.6,-120.7,136.5,2026,1.3,8.3,0.0,0.0,,999.0,999.0,401.0
00-0038492,599,7,199,7,Jason Brownlee,WR,KC,3.6,15.6,62.7,-120.9,136.5,2026,2.1,7.3,0.0,0.0,,,,
00-0038824,600,7,200,7,Ryan Miller,WR,TB,3.6,15.2,74.6,-121.3,136.5,2026,1.64,8.8,0.0,0.0,,354.0,354.0,-246.0
00-0037093,601,7,200,7,Dareke Young,WR,SEA,2.9,15.2,72.3,-121.3,136.5,2026,1.54,9.2,5.0,7.0,Quadricep,676.0,676.0,75.0
00-0033589,602,7,202,7,David Moore,WR,CAR,3.8,15.1,49.4,-121.4,136.5,2026,1.95,7.0,0.0,3.0,Elbow,576.0,576.0,-26.0
00-0040388,603,8,202,7,Jakobie Keeney-James,WR,GB,2.4,15.1,68.6,-121.4,136.5,2026,3.22,5.7,0.0,0.0,,700.0,700.0,97.0
00-0038728,604,8,204,7,Jared Wayne,WR,HOU,3.2,14.9,122.1,-121.6,136.5,2026,5.3,6.8,0.0,0.0,,675.0,675.0,71.0
00-0039521,605,8,204,7,Xavier Weaver,WR,ARI,3.3,14.9,71.4,-121.6,136.5,2026,2.17,7.7,1.0,6.0,Hamstring,647.0,647.0,42.0
00-0039623,606,8,206,7,Mason Tipton,WR,NO,3.3,14.8,79.7,-121.7,136.5,2026,2.52,8.2,0.0,3.0,Groin,490.0,490.0,-116.0
00-0032688,607,8,207,7,Robbie Chosen,WR,WAS,3.7,14.5,55.9,-122.0,136.5,2026,2.19,7.7,0.0,0.0,,575.0,575.0,-32.0
00-0039710,608,8,208,7,Jeshaun Jones,WR,MIN,2.4,14.4,64.7,-122.1,136.5,2026,3.32,5.6,0.0,0.0,,469.0,469.0,-139.0
00-0036620,609,8,209,7,Dee Eskridge,WR,MIA,2.6,14.2,61.8,-122.3,136.5,2026,1.47,9.3,1.0,6.0,Shoulder,,,
00-0038647,610,8,210,7,Ronnie Bell,WR,NO,3.5,13.9,61.3,-122.6,136.5,2026,1.82,7.6,0.0,0.0,,683.0,683.0,73.0
00-0037487,611,8,210,8,Deven Thompkins,WR,ATL,2.7,13.9,63.4,-122.6,136.5,2026,1.76,8.8,0.0,0.0,,699.0,699.0,88.0
00-0038752,612,8,212,8,Jake Bobo,WR,SEA,2.7,13.8,59.3,-122.7,136.5,2026,1.19,8.4,3.0,5.0,Achilles,589.0,589.0,-23.0
00-0037098,613,8,212,8,Samori Toure,WR,NO,3.0,13.8,61.0,-122.7,136.5,2026,1.7,6.9,0.0,0.0,,,,
00-0038911,614,8,214,8,Malik Cunningham,WR,DET,2.4,13.6,87.0,-122.9,136.5,2026,3.15,5.5,0.0,0.0,,669.0,669.0,55.0
00-0037380,615,8,215,8,Kaden Davis,WR,CLE,2.4,13.3,69.0,-123.2,136.5,2026,3.33,5.7,0.0,0.0,,646.0,646.0,31.0
00-0035891,616,8,216,8,Cody White,WR,SEA,3.1,13.2,80.4,-123.3,136.5,2026,1.49,8.4,0.0,9.0,Abdomen,664.0,664.0,48.0
00-0034418,617,8,216,8,Cedrick Wilson Jr.,WR,MIA,3.6,13.2,59.3,-123.3,136.5,2026,1.91,7.6,1.0,3.0,Knee,623.0,623.0,6.0
00-0036176,618,8,218,8,Mason Kinsey,WR,TEN,2.3,13.1,59.2,-123.4,136.5,2026,1.28,8.2,0.0,0.0,,376.0,376.0,-242.0
00-0034386,619,8,218,8,Justin Watson,WR,HOU,3.8,13.1,48.7,-123.4,136.5,2026,1.72,7.1,1.0,3.0,Calf,310.0,310.0,-309.0
00-0035140,620,8,220,8,Mecole Hardman,WR,BUF,3.2,13.0,53.5,-123.5,136.5,2026,1.29,7.1,1.0,2.0,Calf,535.0,535.0,-85.0
00-0036646,621,8,221,8,Simi Fehoko,WR,ARI,2.4,12.8,55.5,-123.7,136.5,2026,0.99,8.9,0.0,1.0,Concussion,427.0,427.0,-194.0
00-0036497,622,8,222,8,Tim Jones,WR,JAX,2.6,12.5,64.2,-124.0,136.5,2026,1.41,7.0,0.0,0.0,,642.0,642.0,20.0
00-0033572,623,8,223,8,Jamal Agnew,WR,ATL,2.4,12.4,42.1,-124.1,136.5,2026,1.4,9.7,2.0,4.0,Groin,534.0,534.0,-89.0
00-0035602,624,8,224,8,Alex Bachman,WR,LV,2.3,12.3,46.5,-124.2,136.5,2026,1.28,9.4,2.0,4.0,Thumb,670.0,670.0,46.0
00-0034867,625,8,224,8,Malik Turner,WR,SF,3.2,12.3,45.5,-124.2,136.5,2026,1.55,7.1,0.0,0.0,,685.0,685.0,60.0
00-0036331,626,8,226,8,Devin Duvernay,WR,CHI,2.6,12.2,48.9,-124.3,136.5,2026,1.12,13.8,0.0,2.0,Hamstring,636.0,636.0,10.0
00-0036133,627,8,226,8,James Proche,WR,TEN,3.4,12.2,64.8,-124.3,136.5,2026,1.98,7.7,0.0,0.0,,,,
00-0034419,628,8,228,8,Braxton Berrios,WR,HOU,3.3,12.0,54.2,-124.5,136.5,2026,1.8,7.5,2.0,7.0,Hamstring,682.0,682.0,54.0
00-0037132,629,8,229,8,Britain Covey,WR,PHI,2.5,11.5,53.5,-125.0,136.5,2026,1.15,8.5,0.0,0.0,,322.0,322.0,-307.0
00-0037745,630,8,230,8,Velus Jones Jr.,WR,SEA,2.5,11.4,55.6,-125.1,136.5,2026,1.55,8.9,0.0,1.0,Knee,549.0,549.0,-81.0
00-0035645,631,8,231,8,Gunner Olszewski,WR,NYG,2.9,11.3,53.9,-125.2,136.5,2026,1.0,12.4,0.0,3.0,Back,658.0,658.0,27.0
00-0036463,632,8,232,8,Chris Blair,WR,ATL,2.7,10.8,61.0,-125.7,136.5,2026,3.29,6.6,0.0,0.0,,588.0,588.0,-44.0
00-0035639,633,8,233,8,Parris Campbell,WR,DAL,3.3,10.7,48.7,-125.8,136.5,2026,1.38,6.9,0.0,0.0,,999.0,999.0,366.0
00-0035876,634,8,234,8,Andre Baccellia,WR,ARI,3.0,10.6,51.5,-125.9,136.5,2026,1.84,7.4,0.0,0.0,,999.0,999.0,365.0
00-0032951,635,8,234,8,Laquon Treadwell,WR,IND,2.6,10.6,38.2,-125.9,136.5,2026,0.89,7.6,0.0,0.0,,549.0,549.0,-86.0
00-0034860,636,8,236,8,Dante Pettis,WR,NO,3.8,10.5,55.6,-126.0,136.5,2026,1.74,7.6,0.0,0.0,,637.0,637.0,1.0
00-0034487,637,8,237,8,Trent Sherfield,WR,ARI,3.2,10.2,53.2,-126.3,136.5,2026,1.42,6.9,0.0,1.0,Toe,699.0,699.0,62.0
00-0034928,638,8,238,8,Steven Sims,WR,ARI,2.5,10.1,46.1,-126.4,136.5,2026,0.95,7.8,0.0,0.0,,634.0,634.0,-4.0
00-0035544,639,8,238,8,Tom Kennedy,WR,DET,2.7,10.1,49.4,-126.4,136.5,2026,1.16,7.9,0.0,1.0,Abdomen,553.0,553.0,-86.0
00-0034854,640,8,240,8,KhaDarel Hodge,WR,ATL,3.5,9.9,47.4,-126.6,136.5,2026,1.57,7.7,2.0,6.0,Groin,,,
00-0031763,641,8,241,8,DeAndre Carter,WR,CLE,2.4,9.0,23.8,-127.5,136.5,2026,0.61,7.7,0.0,1.0,Concussion,999.0,999.0,358.0
00-0035228,642,8,33,4,Kyler Murray,QB,ARI,48.1,153.1,462.6,-133.3,343.5,2026,23.07,6.8,0.0,4.0,Foot,89.0,89.0,-553.0
00-0039376,643,8,34,4,Spencer Rattler,QB,NO,29.5,139.3,402.8,-142.9,343.5,2026,21.78,8.3,0.0,1.0,Finger,686.0,686.0,43.0
00-0022942,644,8,35,4,Philip Rivers,QB,IND,34.0,129.9,430.1,-149.5,343.5,2026,22.77,6.7,0.0,0.0,,338.0,338.0,-306.0
00-0032268,645,8,36,4,Marcus Mariota,QB,WAS,20.4,127.8,391.5,-151.0,343.5,2026,21.98,6.9,2.0,3.0,Hand,508.0,508.0,-137.0
00-0036945,646,8,37,4,Justin Fields,QB,NYJ,25.8,121.1,409.5,-155.7,343.5,2026,21.84,8.0,3.0,7.0,Knee,429.0,429.0,-217.0
00-0040668,647,8,38,4,Shedeur Sanders,QB,CLE,17.5,119.7,353.8,-156.7,343.5,2026,19.84,6.3,0.0,4.0,Back,227.0,227.0,-420.0
00-0031503,648,8,39,4,Jameis Winston,QB,NYG,7.3,103.6,397.1,-167.9,343.5,2026,22.13,5.9,0.0,0.0,,517.0,517.0,-131.0
00-0039164,649,8,40,4,Anthony Richardson,QB,IND,19.3,102.6,269.0,-168.6,343.5,2026,18.85,5.0,3.0,3.0,Eye,452.0,452.0,-197.0
00-0040234,650,8,41,5,Quinn Ewers,QB,MIA,2.7,99.1,348.1,-171.1,343.5,2026,14.81,6.8,0.0,0.0,,531.0,531.0,-119.0
00-0029604,651,8,42,5,Kirk Cousins,QB,ATL,17.7,87.6,344.4,-179.1,343.5,2026,18.42,6.5,0.0,0.0,,285.0,285.0,-366.0
00-0040206,652,8,42,5,Riley Leonard,QB,IND,3.1,87.7,259.6,-179.1,343.5,2026,14.65,6.5,0.0,1.0,Knee,547.0,547.0,-105.0
00-0040673,653,8,44,5,Jalen Milroe,QB,SEA,3.3,84.9,319.5,-181.0,343.5,2026,14.58,6.6,0.0,0.0,,512.0,512.0,-141.0
00-0038579,654,8,45,5,Aidan O'Connell,QB,LV,13.3,82.7,356.1,-182.6,343.5,2026,18.32,4.7,3.0,3.0,Wrist,566.0,566.0,-88.0
00-0032950,655,8,46,5,Carson Wentz,QB,MIN,10.2,78.1,344.8,-185.8,343.5,2026,18.14,4.9,0.0,2.0,Shoulder,633.0,633.0,-22.0
00-0040704,656,8,47,5,Dillon Gabriel,QB,CLE,23.3,72.6,333.7,-189.6,343.5,2026,18.63,5.4,1.0,4.0,Concussion,423.0,423.0,-233.0
00-0029263,657,8,48,5,Russell Wilson,QB,NYG,7.0,58.2,337.9,-199.7,343.5,2026,19.01,4.7,0.0,1.0,Ankle,272.0,272.0,-385.0
00-0028118,658,8,49,5,Tyrod Taylor,QB,NYJ,12.5,56.7,329.3,-200.8,343.5,2026,20.53,4.1,2.0,7.0,Groin,611.0,611.0,-47.0
00-0035100,659,8,50,5,Jake Browning,QB,CIN,11.1,51.3,314.5,-204.5,343.5,2026,18.4,4.8,0.0,0.0,,999.0,999.0,340.0
00-0036898,660,8,51,6,Davis Mills,QB,HOU,8.9,50.6,324.3,-205.0,343.5,2026,18.65,4.5,0.0,2.0,Elbow,543.0,543.0,-117.0
00-0040398,661,8,52,6,Brady Cook,QB,NYJ,3.3,48.2,253.0,-206.7,343.5,2026,15.16,4.5,0.0,1.0,Ankle,673.0,673.0,12.0
00-0038128,662,8,53,6,Malik Willis,QB,GB,5.6,43.2,257.9,-210.2,343.5,2026,16.55,4.2,0.0,4.0,Shoulder,118.0,118.0,-544.0
00-0033949,663,8,54,6,Joshua Dobbs,QB,NE,2.9,41.6,257.6,-211.3,343.5,2026,15.07,4.8,0.0,0.0,,687.0,687.0,24.0
00-0039398,664,8,55,6,Joe Milton III,QB,DAL,3.2,41.2,227.9,-211.6,343.5,2026,16.54,4.2,0.0,1.0,Not injury related - personal matter,504.0,504.0,-160.0
00-0035993,665,8,56,6,Tyler Huntley,QB,BAL,6.8,40.1,294.3,-212.4,343.5,2026,17.17,4.4,0.0,0.0,,690.0,690.0,25.0
00-0034771,666,8,57,6,Mason Rudolph,QB,PIT,2.3,39.9,240.5,-212.5,343.5,2026,15.99,3.9,0.0,0.0,,655.0,655.0,-11.0
00-0037012,667,8,58,6,Trey Lance,QB,LAC,3.3,37.1,233.8,-214.5,343.5,2026,15.89,4.5,0.0,0.0,,640.0,640.0,-27.0
00-0031345,668,8,59,6,Jimmy Garoppolo,QB,LA,2.6,34.4,186.7,-216.4,343.5,2026,14.76,3.7,0.0,0.0,,219.0,219.0,-449.0
00-0038400,669,8,60,6,Tanner McKee,QB,PHI,2.5,34.1,178.8,-216.6,343.5,2026,15.01,3.7,1.0,4.0,Thumb,677.0,677.0,8.0
00-0026300,670,8,61,7,Josh Johnson,QB,WAS,2.9,33.2,221.7,-217.2,343.5,2026,15.1,3.1,0.0,0.0,,559.0,559.0,-111.0
00-0035264,671,8,62,7,Jarrett Stidham,QB,DEN,3.4,32.9,177.6,-217.4,343.5,2026,14.68,3.4,0.0,0.0,,325.0,325.0,-346.0
00-0040494,672,8,63,7,Max Brosmer,QB,MIN,2.6,32.7,215.0,-217.6,343.5,2026,15.34,4.2,0.0,0.0,,479.0,479.0,-193.0
00-0037324,673,8,64,7,Chris Oladokun,QB,KC,2.6,32.2,199.8,-217.9,343.5,2026,14.52,2.9,0.0,0.0,,701.0,701.0,28.0
00-0035704,674,8,65,7,Drew Lock,QB,SEA,2.9,30.6,119.7,-219.0,343.5,2026,14.62,3.4,0.0,1.0,Not injury related - personal matter,691.0,691.0,17.0
00-0027973,675,8,66,7,Andy Dalton,QB,CAR,6.2,30.3,156.0,-219.2,343.5,2026,15.29,3.5,0.0,1.0,Thumb,657.0,657.0,-18.0
00-0034955,676,8,66,7,Brett Rypien,QB,CIN,4.1,30.4,260.8,-219.2,343.5,2026,15.34,3.1,0.0,0.0,,664.0,664.0,-12.0
00-0038416,677,8,68,7,Tyson Bagent,QB,CHI,2.3,30.0,179.0,-219.4,343.5,2026,14.85,2.5,0.0,1.0,Illness,546.0,546.0,-131.0
00-0035289,678,8,69,7,Gardner Minshew,QB,KC,2.7,29.7,160.6,-219.7,343.5,2026,14.66,3.7,0.0,0.0,,650.0,650.0,-28.0
00-0037013,679,8,69,7,Zach Wilson,QB,MIA,2.3,29.6,147.1,-219.7,343.5,2026,14.32,3.2,0.0,1.0,Illness,684.0,684.0,5.0
00-0033662,680,8,71,8,Cooper Rush,QB,BAL,2.9,29.3,181.5,-219.9,343.5,2026,14.52,3.7,0.0,0.0,,682.0,682.0,2.0
00-0038102,681,8,72,8,Kenny Pickett,QB,LV,2.6,28.6,187.1,-220.4,343.5,2026,15.39,3.0,0.0,1.0,Hamstring,666.0,666.0,-15.0
00-0031237,682,8,73,8,Teddy Bridgewater,QB,TB,2.8,26.7,99.8,-221.8,343.5,2026,14.02,3.1,0.0,4.0,Illness,999.0,999.0,317.0
00-0033319,683,8,74,8,Nick Mullens,QB,JAX,2.4,25.5,74.9,-222.6,343.5,2026,13.36,3.3,0.0,0.0,,570.0,570.0,-113.0
00-0034577,684,8,75,8,Kyle Allen,QB,DET,2.5,25.1,65.5,-222.9,343.5,2026,13.33,3.7,0.0,0.0,,666.0,666.0,-18.0
00-0039577,685,8,76,8,Kedon Slovis,QB,ARI,2.6,25.0,152.3,-223.0,343.5,2026,13.35,3.2,0.0,0.0,,591.0,591.0,-94.0
00-0033869,686,8,76,8,Mitchell Trubisky,QB,BUF,2.4,24.9,96.6,-223.0,343.5,2026,13.38,3.3,0.0,1.0,Illness,655.0,655.0,-31.0
00-0038582,687,8,78,8,Clayton Tune,QB,GB,2.6,24.8,168.5,-223.1,343.5,2026,13.76,2.9,0.0,0.0,,999.0,999.0,312.0
00-0038658,688,8,78,8,Adrian Martinez,QB,SF,3.1,24.8,142.6,-223.1,343.5,2026,14.44,2.3,0.0,0.0,,603.0,603.0,-85.0
00-0036679,689,8,80,8,Shane Buechele,QB,KC,3.1,24.4,106.5,-223.4,343.5,2026,14.23,2.2,0.0,0.0,,647.0,647.0,-42.0
00-0032434,690,8,81,8,Brandon Allen,QB,TEN,3.0,24.0,101.3,-223.6,343.5,2026,13.23,2.8,0.0,0.0,,663.0,663.0,-27.0
